{"type":"FeatureCollection", "features": [
{"type":"Feature","geometry":{"type":"Polygon","coordinates":[[[95.23391968067268,26.68245856965871],[95.43058529191462,26.700023479359317],[96.22858935182332,27.278800821749183],[96.52362776303013,27.286293487053012],[96.70421722006722,27.372258741506986],[96.88427232324068,27.260187525094867],[96.87422769141536,27.18062829355061],[97.0709046061585,27.089831114179546],[97.16569664504412,27.13511552885369],[96.90338067870331,27.45278363124546],[96.88981200542577,27.605873903125133],[97.2527074149549,27.900973563843888],[97.38509370503746,27.88739945602381],[97.41149826167937,28.015397564574325],[97.30432350445598,28.06887958651322],[97.39732956769092,28.192397529802946],[97.09007500556291,28.362889788712387],[96.99398143539139,28.309513221374598],[96.66278592203368,28.460259515349463],[96.39761841192693,28.339256875294616],[96.26229013300069,28.408603527070884],[96.61505607830067,28.774052826101876],[96.47715831043801,28.99040174547011],[96.52514294962324,29.07579760437748],[96.16640575440772,28.902629969614406],[96.11488865386106,29.074837119900018],[96.39337937888217,29.25377363808159],[96.24422995247279,29.232583763911574],[96.08208335468142,29.461725849496894],[95.60014214907861,29.260396973245268],[95.44842133828757,29.034202292476074],[94.79998870995256,29.163918788308788],[94.63083573084873,29.348474078175798],[94.56033287601109,29.22861259147602],[94.21708979945983,29.08383421494689],[93.92783403148479,28.67110195622663],[93.33917482155641,28.639926921536443],[93.18463818042184,28.439614572279304],[93.22070420058948,28.333183468742448],[92.68886028737985,28.125444349499457],[92.74100334389794,27.988882106180753],[92.56208551236575,27.820490759665006],[92.31755671955487,27.777831914504212],[92.21225504222537,27.858715274389713],[91.92067393752664,27.71490165552691],[91.82639946389033,27.810269738272257],[91.5464586972022,27.85562611008539],[91.64189443288778,27.76517736182525],[91.55988794745609,27.63341458498273],[91.6492013285105,27.48456130408408],[92.02013537434333,27.479345227171297],[92.12154370023087,27.28698675813373],[92.04056732551193,27.266138608449033],[92.02294266081016,27.11432622799301],[92.11210122261524,26.89194039269107],[92.58327296734956,26.959637409533226],[92.6724082951281,27.031745965902907],[93.0217823654086,26.9135137821572],[93.66004233312569,26.967052589908352],[94.26817903602993,27.520937848706446],[94.23749044793405,27.632776643811486],[94.46165456889953,27.55533907356858],[95.6051971901679,27.954710090108588],[95.97165975309642,27.96254244803744],[95.75217596166073,27.72101270826514],[95.87655793288005,27.544377774811156],[95.84441385752989,27.421679394475518],[96.01765838337678,27.365013800274607],[95.89233539006644,27.255379219975207],[95.50908173254449,27.262133255270626],[95.45317956253227,27.129530325551606],[95.1946454837747,27.031319394633655],[95.23391968067268,26.68245856965871]]]},"properties":{"STNAME":"ARUNACHAL PRADESH","STCODE11":"12","STNAME_SH":"Arunachal Pradesh","Shape_Length":2937126.7029260146,"Shape_Area":105781735368.52295,"OBJECTID_1":1,"OBJECTID":1,"State_LGD":12,"Shape_Leng":2937126.70293,"MaxSimpTol":300,"MinSimpTol":300},"id":1},
{"type":"Feature","geometry":{"type":"Polygon","coordinates":[[[95.1946454837747,27.031319394633655],[95.45317956253227,27.129530325551606],[95.50908173254449,27.262133255270626],[95.89233539006644,27.255379219975207],[96.01765838337678,27.365013800274607],[95.84441385752989,27.421679394475518],[95.87655793288005,27.544377774811156],[95.75217596166073,27.72101270826514],[95.97165975309642,27.96254244803744],[95.6051971901679,27.954710090108588],[94.46165456889953,27.55533907356858],[94.23749044793405,27.632776643811486],[94.26817903602993,27.520937848706446],[93.66004233312569,26.967052589908352],[93.0217823654086,26.9135137821572],[92.6724082951281,27.031745965902907],[92.58327296734956,26.959637409533226],[92.11210122261524,26.89194039269107],[92.0561884381096,26.84666981827973],[91.8593657483554,26.91317833312873],[91.69011310925569,26.80680146578285],[90.71703859527716,26.768446867209228],[90.35670218326024,26.901021441493047],[90.19466618604662,26.773712364326467],[89.85183119077276,26.697153768820364],[89.85635842671687,26.384252381028283],[89.71984420722389,26.307031475179787],[89.71960293141667,26.165857988761047],[89.887246515366,25.94514343143216],[89.81675400822213,25.81489332778077],[89.85441840167312,25.467445792600273],[90.02018693482486,25.60757855839893],[89.8946781528457,25.74505956367731],[90.15103242914219,25.966781802996913],[90.4760711796984,26.009679538854257],[90.5149153899008,25.89619433181912],[90.58780679950192,25.958164074070723],[90.62180068568514,25.89792977796054],[90.94736687307729,25.948186253680397],[91.00594513150742,25.82047794052966],[91.19575907827834,25.861488648931356],[91.22238172790492,25.722658612848274],[91.33528283004291,25.840639726283584],[91.53036021177769,25.871349940913692],[91.47473592931038,25.874116928229295],[91.57976919991451,26.03334367728273],[91.67052640988739,25.90424779649559],[91.82532618284,26.119502083417228],[91.91890894741937,25.99792914279421],[92.26880651721987,26.068271095877694],[92.15235833992743,25.944415855474304],[92.2254826683087,25.909266068071847],[92.15606641833365,25.672280830582594],[92.38393692527934,25.7546210118642],[92.57240491368366,25.55744935173275],[92.65290428927494,25.59102692072507],[92.56457794651205,25.465582512181545],[92.73792940152217,25.379432903485007],[92.8027420749236,25.217062433244312],[92.62134064507428,25.115126352597887],[92.5215267093401,25.13912850082029],[92.42522330529462,25.029657742169228],[92.49236765752565,24.87434523311098],[92.23363600240619,24.900623209253425],[92.29587194914498,24.736559082797047],[92.21169868233224,24.504481310162475],[92.25983908220122,24.358549943473466],[92.19229319202137,24.24326784552022],[92.29228206747058,24.250492575781326],[92.42243290805344,24.25495851034798],[92.47857825560634,24.14212518903565],[92.76289705884969,24.521233948924486],[92.82927079580575,24.37379036641964],[93.00869769991453,24.411779175653148],[93.10932803446038,24.811576868956603],[93.19685238649046,24.81146088233428],[93.45389382726688,25.324915826952036],[93.45809611741988,25.43108452218574],[93.32692556771701,25.546587452158306],[93.7142274058117,25.84461278135233],[93.68143590026322,25.904485757041634],[93.76535641439267,25.969850961635473],[93.79537854327761,25.809027454947245],[93.97859914961217,25.91682877734492],[94.00098547820782,26.172366297419195],[94.25624635298823,26.541321533380493],[94.31649403694912,26.458412597230947],[94.46019316713743,26.66172797307085],[95.1946454837747,27.031319394633655]]]},"properties":{"STNAME":"ASSAM","STCODE11":"18","STNAME_SH":"Assam","Shape_Length":3409653.587169017,"Shape_Area":98168754005.69067,"OBJECTID_1":2,"OBJECTID":2,"State_LGD":18,"Shape_Leng":3409653.58717,"MaxSimpTol":300,"MinSimpTol":300},"id":2},
{"type":"Feature","geometry":{"type":"Polygon","coordinates":[[[76.83806255262574,30.7548659103924],[76.70517414831681,30.756075735008157],[76.82921720314576,30.681027176125202],[76.83806255262574,30.7548659103924]]]},"properties":{"STNAME":"CHANDIGARH","STCODE11":"04","STNAME_SH":"Chandigarh","Shape_Length":65711.23175859984,"Shape_Area":156198147.40130788,"OBJECTID_1":3,"OBJECTID":3,"State_LGD":4,"Shape_Leng":65711.2317586,"MaxSimpTol":300,"MinSimpTol":300},"id":3},
{"type":"Feature","geometry":{"type":"Polygon","coordinates":[[[83.3298774625774,24.101694597944302],[83.14149377567263,23.884935825545384],[82.9478909605104,23.87143842218992],[82.8103128213107,23.962879981157148],[82.52337858569409,23.783716858309532],[81.92891589880583,23.87075362440679],[81.7911042191918,23.809378517342488],[81.60900453426198,23.90323451405569],[81.69589561444096,23.721350852904063],[81.57667155488569,23.58537398459333],[81.62703965179347,23.482056981297568],[81.74662308058154,23.56982844595228],[81.92327094125598,23.53269272488272],[81.98531864243371,23.414529132953394],[82.1939448051524,23.32387999049112],[82.16134284323059,23.143151093933003],[81.94223569652888,23.0789989942705],[81.94629211016124,22.956812864165318],[81.77566876321052,22.874469197293408],[81.76852082807058,22.664260549617918],[81.62192938048388,22.5380468121436],[81.40669295396721,22.44098009271495],[81.32651577352559,22.52617216239635],[81.11115484590043,22.437600196671028],[81.00525828712178,22.061570326327963],[80.92194412502933,22.119974690808966],[80.8255664339031,21.958361976825785],[80.83858883267327,21.80034738232289],[80.72613699507687,21.71368852609587],[80.7374332118583,21.471319134576213],[80.66004059410011,21.334107258188677],[80.6148428397433,21.22716018460243],[80.4642767898938,21.174935917800774],[80.424243950467,21.009632805106335],[80.54607625228005,20.934913602425766],[80.58749602223357,20.68592175437695],[80.48102291931566,20.61838586512529],[80.631866728251,20.598279129036253],[80.6246679251098,20.328093179835328],[80.395273555642,20.244873228846895],[80.4018173944146,20.147268810922395],[80.55682513184709,20.07174874261765],[80.52991848972489,19.939336004002286],[80.41126256158621,19.93835949957291],[80.50584808677112,19.870522083363724],[80.40173049319066,19.79614496383642],[80.54630129912334,19.81829356901666],[80.67640804230723,19.69941191607745],[80.66536986928608,19.611741004996794],[80.89835690879893,19.481812703242838],[80.75704519520858,19.289587242078014],[80.61268646354817,19.309359769070593],[80.57320714354155,19.40230960554597],[80.39385410969524,19.244838857364194],[80.27329543030888,18.99295323534256],[80.35445031554616,18.826594047428358],[80.27289101775115,18.72299154160009],[80.34583029677711,18.595472781560613],[80.51472952696597,18.619375963648004],[80.73483554187314,18.412859651796282],[80.79413750824897,18.259335998959493],[80.7449377988273,18.17033473842199],[80.83672317915185,18.242296166171723],[80.86666862514919,18.140300852844703],[80.97902736943439,18.178789895359547],[81.0082439412748,17.7982752842528],[81.08558432199924,17.798071960732894],[81.16613095256773,17.857650691707608],[81.39607140430347,17.819951703982543],[81.52545844602781,18.258126301172616],[81.75027962802977,18.353626915699266],[81.96362219662007,18.59047144009687],[81.89375171082665,18.657486626209238],[82.08495505489806,18.718621229132385],[82.24603383070111,18.91913875485334],[82.16607750376706,19.132724933802457],[82.18942651553022,19.427553439517677],[82.02904306629979,19.507686229696624],[82.06553438485554,19.790679113242966],[81.85314535548144,19.918497323247603],[81.87090725041924,20.044190476506557],[81.94637148080817,20.105152059670246],[82.03254630187175,20.015765611927268],[82.23746355254764,20.00350022584957],[82.34530735163847,19.83585321507943],[82.44597468240096,19.910214226114373],[82.60341134129249,19.86701358231972],[82.59179414927354,19.775886723505767],[82.70731088860069,19.835062856041258],[82.71538570994237,19.994747115587636],[82.39920885224039,20.056617434003563],[82.4380102514313,20.434212532355748],[82.33212392895531,20.562050965307158],[82.3508196432922,20.889519216547434],[82.46539622560596,20.827770118833804],[82.64047106165772,21.154754071474265],[83.1921762101663,21.13909519423097],[83.26884265410331,21.378502906719753],[83.40690795596984,21.352040503697367],[83.33800013178436,21.502017817206017],[83.38268562364703,21.620242233603808],[83.48973523117827,21.63138744802249],[83.41814587478427,21.679862390506457],[83.46888663239775,21.78732663065116],[83.5909167162869,21.851214536987836],[83.56403591240723,22.105226735364994],[83.64964634802895,22.22328513864336],[84.0104383271675,22.371535451923382],[84.00912746777568,22.526052383891994],[84.08398421964023,22.63817298754026],[84.2334303110789,22.680813830778334],[84.39583231427862,22.939216151167006],[84.18576980470945,23.027148406956908],[84.14946053423759,22.965434004204027],[84.03743837611297,23.1399337131614],[84.07472554451823,23.33332629388237],[83.96231531239421,23.385400324564767],[84.01656153699483,23.63442871038149],[83.93766469478497,23.56904559312921],[83.775292268616,23.609006171930996],[83.7053201159903,23.820808402102383],[83.5711641376115,23.862185231071756],[83.51569460522329,24.027215443705277],[83.3298774625774,24.101694597944302]]]},"properties":{"STNAME":"CHHATTISGARH","STCODE11":"22","STNAME_SH":"Chhattisgarh","Shape_Length":3449517.9067467735,"Shape_Area":156539760078.6077,"OBJECTID_1":4,"OBJECTID":4,"State_LGD":22,"Shape_Leng":3449517.90675,"MaxSimpTol":300,"MinSimpTol":300},"id":4},
{"type":"Feature","geometry":{"type":"Polygon","coordinates":[[[77.20984478864816,28.857866895645454],[76.95080437897228,28.81829587105762],[76.94372785630418,28.628238452078143],[76.84249316487958,28.556084311533755],[77.09468073778301,28.51381359847815],[77.17439688575281,28.40469199328046],[77.3454328208287,28.513265547953917],[77.33106534314261,28.71313178586936],[77.20984478864816,28.857866895645454]]]},"properties":{"STNAME":"DELHI","STCODE11":"07","STNAME_SH":"Delhi","Shape_Length":260992.2247097131,"Shape_Area":1932518619.1408992,"OBJECTID_1":5,"OBJECTID":5,"State_LGD":7,"Shape_Leng":260992.22471,"MaxSimpTol":300,"MinSimpTol":300},"id":5},
{"type":"Feature","geometry":{"type":"Polygon","coordinates":[[[74.1183538327733,15.652040596990107],[73.99077593155587,15.61148617167201],[73.85647553641874,15.800762637691411],[73.67538205174372,15.727022158467594],[73.78790999101776,15.462499086469995],[73.9353778197243,15.437163796562704],[73.78299902442869,15.41151246587482],[73.87932378502168,15.363403857559595],[73.91227208162155,15.085231856664466],[74.08568785959928,14.900641739228085],[74.25243483596184,14.958763082619964],[74.31743859449894,15.18378771184069],[74.25139839751627,15.25859097983875],[74.33649918743629,15.294979120108835],[74.25050758675803,15.657287208118492],[74.1183538327733,15.652040596990107]]]},"properties":{"STNAME":"GOA","STCODE11":"30","STNAME_SH":"Goa","Shape_Length":433305.02679897257,"Shape_Area":3921761525.371904,"OBJECTID_1":6,"OBJECTID":6,"State_LGD":30,"Shape_Leng":433305.026799,"MaxSimpTol":300,"MinSimpTol":300},"id":6},
{"type":"Feature","geometry":{"type":"Polygon","coordinates":[[[77.58561061098452,30.379557401302083],[77.52319335278035,30.443537501260156],[77.44323091550575,30.395401322066046],[77.45647038318113,30.45566810943984],[77.40471361032004,30.408649184558854],[77.21072468397736,30.46477852843625],[77.12279910122228,30.56334323647314],[77.1611965154535,30.69098490948868],[77.02052074530394,30.740055285001997],[76.91684865591726,30.900822486498132],[76.77673348031908,30.904286662733107],[76.83806255262574,30.7548659103924],[76.82921720314576,30.681027176125202],[76.9259879799723,30.610117774979916],[76.93584561399649,30.384711978013385],[76.74102700096248,30.426266517005164],[76.74606910990494,30.34958225709367],[76.5566530530245,30.26248142099205],[76.65608244693499,30.18524566003706],[76.54622399974976,30.075873830323406],[76.4227128580618,30.192281624407556],[76.32173648977358,30.09509782823206],[76.20763104687688,30.15658676054414],[76.25345729764075,30.088957396370375],[76.1719478150215,29.926306537685],[76.24379332422215,29.852441637341375],[76.04344114383515,29.742726414685386],[75.77879606066006,29.822371638987367],[75.58004272696854,29.73944592627115],[75.4595124127856,29.807529507443306],[75.23534206290194,29.54207982547574],[75.1675349740785,29.670186873143095],[75.24157831852128,29.7546497784537],[75.19145826622638,29.841250612788762],[75.10071997297673,29.806793211967015],[75.0987497995737,29.912795739749416],[74.9909139056574,29.86768915953055],[74.81243347910839,29.99233814346527],[74.65418297172229,29.90557102895735],[74.52715904986246,29.942785226137097],[74.47378148356516,29.76834108315663],[74.616092094107,29.752155861702988],[74.6218572525301,29.522243971132674],[74.5346190588338,29.44770786497685],[74.59924998059537,29.327455068327623],[74.85051890754318,29.40360721227946],[75.07551193456402,29.22969492742992],[75.41049835728538,29.255689255213788],[75.37147440856765,29.13809775606301],[75.52179861756959,29.003874862226763],[75.47336689674893,28.92338929698415],[75.56149396533407,28.613221116361956],[76.0954456109662,28.15085732636339],[75.94560815679587,28.107155238143616],[76.04079374131922,28.07404262100063],[75.93239627099297,27.930129983767312],[75.97137211852048,27.851956598389656],[76.21732736054406,27.816802837726986],[76.15777992233029,27.98897276794449],[76.18040387148827,28.054515718988736],[76.34231064245498,28.030563232761388],[76.29226174840869,28.17921600594131],[76.47572146201739,28.148585994480744],[76.45465509993393,28.0423239823817],[76.54380594251575,28.03422037355829],[76.54812381081155,27.963851840469783],[76.84847308982584,28.22164716322025],[76.97053708601528,28.138448502856356],[76.91054275930387,27.654688296606643],[77.08565183284607,27.738106559223123],[77.04478851171889,27.821833301642098],[77.28369488032048,27.80108255520394],[77.54589952383797,27.95822828263277],[77.47425340559613,28.087462508119792],[77.54963768502643,28.179790096399596],[77.50482622600472,28.370008525022644],[77.3454328208287,28.513265547953917],[77.17439688575281,28.40469199328046],[77.09468073778301,28.51381359847815],[76.84249316487958,28.556084311533755],[76.94372785630418,28.628238452078143],[76.95080437897228,28.81829587105762],[77.20984478864816,28.857866895645454],[77.11980291791582,29.760105476854218],[77.58561061098452,30.379557401302083]]]},"properties":{"STNAME":"HARYANA","STCODE11":"06","STNAME_SH":"Haryana","Shape_Length":2786069.9652156294,"Shape_Area":58211653271.361084,"OBJECTID_1":7,"OBJECTID":7,"State_LGD":6,"Shape_Leng":2786069.96522,"MaxSimpTol":300,"MinSimpTol":300},"id":7},
{"type":"Feature","geometry":{"type":"Polygon","coordinates":[[[78.39859088115179,32.52574167419204],[78.29460136846622,32.50408688979611],[78.40517148886732,32.61942185163824],[78.38771674139986,32.75693213546174],[78.01583755559874,32.6197566691326],[77.68248588253986,32.98871094497238],[77.3388359985223,32.81681141157428],[77.14972556197627,32.97814603210874],[76.93296283311318,33.02848855368523],[76.81695676168782,33.15978071461334],[76.84315982890642,33.246871653589835],[76.77123347761841,33.24962940430623],[76.74690857026661,33.17921068170308],[76.41009236734641,33.18648924145072],[75.9539375058918,32.873398141728615],[75.84234733051929,32.929313102491335],[75.93673059013655,32.647888813128574],[75.83436281501653,32.511786890345114],[75.9347380648526,32.393384884697014],[75.61786144020557,32.23670643292893],[75.67305892050496,32.158765597002755],[75.59482340543086,32.069865839063034],[75.9103671026728,31.95017612387864],[76.17978880399639,31.30659228180074],[76.32260066278867,31.32166316714196],[76.37515207277369,31.437004518410937],[76.43967313147434,31.279040802343626],[76.64177368762746,31.22273518474582],[76.62471386650836,30.998826576934192],[76.77673348031908,30.904286662733107],[76.91684865591726,30.900822486498132],[77.02052074530394,30.740055285001997],[77.1611965154535,30.69098490948868],[77.12279910122228,30.56334323647314],[77.21072468397736,30.46477852843625],[77.40471361032004,30.408649184558854],[77.45647038318113,30.45566810943984],[77.44323091550575,30.395401322066046],[77.52319335278035,30.443537501260156],[77.58561061098452,30.379557401302083],[77.57602127409129,30.397443669214223],[77.8185114840953,30.508132312856205],[77.70376322295097,30.765226500188607],[77.89872235405501,31.150305549151156],[78.37030690879833,31.28641760943166],[78.48374484594673,31.199020423309282],[78.80990966615263,31.19837198582515],[78.88543154861983,31.098809167380413],[79.00891512191004,31.110012428483547],[78.88199484317616,31.286774822117703],[78.7692982595806,31.32448241305596],[78.79774491862864,31.44345263899139],[78.72045071580139,31.50726423112748],[78.8469346693271,31.60803793525571],[78.70528505893422,31.776027041748353],[78.78110859208059,31.99349382598887],[78.61278559521386,32.117587538640294],[78.60853917442422,32.21431699614675],[78.454847981821,32.242241709085924],[78.53476269070626,32.4143938804042],[78.39859088115179,32.52574167419204]]]},"properties":{"STNAME":"HIMACHAL PRADESH","STCODE11":"02","STNAME_SH":"Himachal Pradesh","Shape_Length":1904854.626079188,"Shape_Area":77561573772.46729,"OBJECTID_1":8,"OBJECTID":8,"State_LGD":2,"Shape_Leng":1904854.62608,"MaxSimpTol":300,"MinSimpTol":300},"id":8},
{"type":"Feature","geometry":{"type":"Polygon","coordinates":[[[87.71136704292203,25.2576836124555],[87.58402540221759,25.349452022007856],[87.47810605318018,25.19440699825097],[87.32752132196605,25.22364245402737],[87.29550496908297,25.08856273448551],[87.14576730785927,25.019334026697774],[87.05107242805985,24.60855888838768],[86.93980204574197,24.65255544660787],[86.91644128311657,24.545150505623994],[86.60341513961122,24.608160249266582],[86.44528040620058,24.36785016689473],[86.27613316822978,24.46591216118944],[86.32280732082403,24.586905525669074],[86.12460550151307,24.61128275362537],[86.05529381723369,24.779738560420395],[85.94534914974753,24.732960312659912],[85.73668833631336,24.820782013190378],[85.66799870213062,24.578982457721303],[85.37081855816612,24.555259248032357],[85.08876040575944,24.372266079693137],[85.07952723919827,24.433482011592748],[84.90391216711441,24.372219173714676],[84.80218797470833,24.53063336658868],[84.66529389541095,24.390981663141893],[84.56754894776105,24.409209774525863],[84.49621829449077,24.28632737317969],[84.29741128196949,24.449046058058354],[84.29722319720688,24.560478395612307],[84.1083415723435,24.477495142997405],[84.00835443513434,24.64280078336329],[83.87268959879364,24.532201235142594],[83.5032947551147,24.52543975680424],[83.39653558279626,24.49598058598505],[83.45728193504608,24.364568165370873],[83.3298774625774,24.101694597944302],[83.51569460522329,24.027215443705277],[83.5711641376115,23.862185231071756],[83.7053201159903,23.820808402102383],[83.775292268616,23.609006171930996],[83.93766469478497,23.56904559312921],[84.01656153699483,23.63442871038149],[83.96231531239421,23.385400324564767],[84.07472554451823,23.33332629388237],[84.03743837611297,23.1399337131614],[84.14946053423759,22.965434004204027],[84.18576980470945,23.027148406956908],[84.39583231427862,22.939216151167006],[84.2334303110789,22.680813830778334],[84.08398421964023,22.63817298754026],[84.00912746777568,22.526052383891994],[84.29146180541981,22.342853962984957],[85.0671553671192,22.48425962300972],[85.11695447022772,22.294448911762544],[84.9843520975901,22.08586500157216],[85.09848362217275,22.105899513858052],[85.23674887015687,22.009374108604234],[85.39781212936003,22.16317410569879],[85.68523388247797,22.05451656887416],[85.80976784145689,22.11575193704454],[85.76599721723575,21.994906527953567],[85.90827690237562,21.97084512283595],[86.03125535118492,22.189993176891246],[85.95708126863066,22.46481039428924],[86.04542162511201,22.56751235951127],[86.43273436605931,22.306492745669704],[86.4968712530422,22.347209692336264],[86.72695651499838,22.216793096636046],[86.88812216327932,22.297332960440947],[86.75109508211591,22.455807348558935],[86.76581202331212,22.575703297332883],[86.65853663770892,22.575701225291443],[86.63504234500816,22.665607515004368],[86.41938051410214,22.79099668579424],[86.43579743073533,22.92590443747673],[86.54755215770497,22.988658994337033],[86.22301970662602,22.99484563309043],[86.04368492025809,23.144936281898566],[85.89416296070375,23.15526662645409],[85.819663238859,23.268486225659128],[85.90263848006946,23.398522826464312],[85.86305060315235,23.4624869321196],[86.05413046300818,23.486938676060632],[86.05183045069067,23.5862971798811],[86.31014148405143,23.4118423813567],[86.46184447765711,23.629788818547993],[86.799296843207,23.688978443540073],[86.80543425539896,23.837535135829356],[86.88982099156762,23.819658177047437],[86.91566744199152,23.883221300838493],[87.12251583696629,23.796197843525142],[87.12941783943259,23.86893614896234],[87.24066791892673,23.825832057563588],[87.29533071747743,23.90211276584367],[87.24538545667556,24.045068590882742],[87.46000803291757,23.984197860766987],[87.49754164783286,24.117876696999474],[87.69512443089505,24.149163788873572],[87.63881459283047,24.25476795505612],[87.80134192089378,24.383154883611766],[87.77168511886859,24.58374679436591],[87.90881903577042,24.585771627018524],[87.9077963990409,24.72131161802004],[87.81770027815021,24.760942703184593],[87.96228739209855,24.93783846183846],[87.71136704292203,25.2576836124555]]]},"properties":{"STNAME":"JHARKHAND","STCODE11":"20","STNAME_SH":"Jharkhand","Shape_Length":3154498.778058596,"Shape_Area":95648781165.5192,"OBJECTID_1":9,"OBJECTID":9,"State_LGD":20,"Shape_Leng":3154498.77806,"MaxSimpTol":300,"MinSimpTol":300},"id":9},
{"type":"Feature","geometry":{"type":"Polygon","coordinates":[[[77.55143503514522,18.29191082540236],[77.36584244347259,18.307118267146933],[77.41414725839478,18.393100107710712],[77.31994013594687,18.45801896627803],[77.11159808699632,18.1558284777961],[76.95199218893312,18.188093787156273],[76.9190366114879,17.91595136819251],[76.74002992579433,17.89969872048157],[76.79045015732795,17.826332607914768],[76.69089645095517,17.68100491411407],[76.61538970330383,17.77039541446388],[76.58208139876906,17.705681686448163],[76.52333558208055,17.75979622685629],[76.48980813353221,17.66049929057734],[76.33134774466141,17.5974191763816],[76.38321760014541,17.314529891706837],[76.24214758457052,17.378840266234825],[76.17637572604127,17.30079147303118],[76.11901562625553,17.37050734122461],[75.93088413687519,17.32257606986049],[75.88425477158607,17.4179616328097],[75.79300780640847,17.369699885051137],[75.63305039308301,17.477215271676645],[75.57421335247741,17.383301038239985],[75.65778441567312,17.263211275751605],[75.67038636695767,16.962059357375825],[75.57316451278932,17.00961304510774],[75.48914572476443,16.944429972367253],[75.27967408027672,16.956563008271107],[75.21427366074444,16.841707203123164],[75.0894080284913,16.951588448467632],[74.9317838651488,16.944761217490996],[74.91951971634371,16.772499550153782],[74.6910979645121,16.715549942523104],[74.68705943723538,16.606797823400026],[74.56861576482868,16.553878924684625],[74.46882403724497,16.663811479508198],[74.37991433212981,16.528602314958977],[74.27062780006514,16.547973390966607],[74.36377531561796,16.405102978722034],[74.32501428132603,16.271769614162658],[74.50714393495203,16.191614550015096],[74.48297626421594,16.090127425777876],[74.36140634951761,16.053852330916623],[74.4633032645966,16.04285268942558],[74.40623653302309,15.855403537443078],[74.33827564992806,15.854945948953327],[74.36755834495992,15.785844763689411],[74.20903439668953,15.78129726657468],[74.1183538327733,15.652040596990107],[74.25050758675803,15.657287208118492],[74.33649918743629,15.294979120108835],[74.25139839751627,15.25859097983875],[74.31743859449894,15.18378771184069],[74.25243483596184,14.958763082619964],[74.08568785959928,14.900641739228085],[74.11906812098495,14.774660601164223],[74.26310601574838,14.719243771051168],[74.61006424404037,13.866907052976703],[74.86956716930655,12.760680213615847],[75.00318767631755,12.791739318042643],[75.04662690304718,12.666750663703596],[75.15247030940881,12.6822604542289],[75.22033850702778,12.5682010521295],[75.32619029556932,12.593669274980297],[75.27314218011426,12.536877091447144],[75.33633549289236,12.464166704620604],[75.41737282548988,12.498515068605155],[75.36564208311076,12.456821813409992],[75.41542060222285,12.28818390198311],[75.66164594968605,12.098500870704854],[75.80272633810753,12.07950439282958],[75.87009146569265,11.951987291654639],[76.11248340000462,11.978798815299925],[76.11999716056927,11.850388543581065],[76.41401386480285,11.760177694578404],[76.43133512800897,11.666481186125402],[76.51162569470402,11.705098568139624],[76.57669432687602,11.61461426407002],[76.84688351643902,11.594584724002969],[76.90795728754192,11.795358759405845],[77.01289466658271,11.814726624607673],[77.11765843361839,11.721181703494356],[77.24983086627284,11.81312017365265],[77.42723914993698,11.7609537333848],[77.4941398071977,11.943399323708942],[77.67564961788776,11.95207918942064],[77.77667625589928,12.113712334073295],[77.72767209624021,12.1815912450574],[77.47201668228533,12.207954992265371],[77.61678543648249,12.368258272627251],[77.59885555389157,12.667212498298946],[77.73990879612354,12.673043956964857],[77.79908884225071,12.851589080309731],[77.92930560390406,12.890966442741178],[77.9205367810048,12.82820889773221],[78.05331224462464,12.853904538816527],[78.23092787652435,12.760710107975598],[78.35585090303931,12.94078945888857],[78.46474446169302,12.86681296669072],[78.41113825798622,12.945316491987917],[78.57974123008262,13.167406613708806],[78.56951522301154,13.309268078932085],[78.53215685413682,13.266981779519154],[78.36579296163221,13.35869685708471],[78.40224109637562,13.587299309632698],[78.19295901887074,13.564887992574484],[78.16756687972371,13.655865469317408],[78.08709825256628,13.643107123059998],[78.12362642540488,13.845392071200344],[78.04885893014695,13.896130252111975],[77.95297639040535,13.827392839074239],[77.97203088288357,13.960156182806225],[77.9267624248257,13.90536506572061],[77.8265856209207,13.94476277717894],[77.71735858966723,13.741115207691573],[77.52726385558964,13.75385184646231],[77.52523403495005,13.691045186356291],[77.45533255278778,13.682304121462154],[77.43252100395742,13.843257185007403],[77.20043513277804,13.863078364703377],[77.18471507344677,13.925226410980235],[77.12820421487947,13.85649990607147],[77.17305546298007,13.762052268128997],[76.99850866833039,13.745616785471887],[77.04166447658793,13.933474045173654],[76.89454694592644,14.16784994484616],[77.02334023807887,14.176725765340127],[77.02780331993868,14.06218091381123],[77.14922966229504,14.001202687380577],[77.32223562614519,14.030033425901864],[77.40002151196171,13.888328792370194],[77.43788420042682,13.975560740145298],[77.3323076278406,14.030727018525221],[77.40092576510989,14.11875012094729],[77.35137527345121,14.130017076256001],[77.50351051481202,14.157154636558023],[77.50386878091363,14.263783632549707],[77.39281209163218,14.335867459225346],[77.39199508106779,14.198938614306625],[77.28657666946373,14.340134386217954],[77.15735449105193,14.342134242849854],[77.1077686210424,14.219946170107422],[76.94006892832044,14.244644952998348],[76.88483375291507,14.39574476586198],[76.97483029465822,14.485365120706206],[76.86797879079992,14.4740735883859],[76.7650152484919,14.602157763892087],[76.86964518361827,14.937740177534371],[76.76656426563859,14.97564686173467],[76.77672063081727,15.078429550809274],[77.08247333645268,15.006109268727117],[77.1691569174791,15.171375305638623],[76.97404815669316,15.498258062714543],[77.03006961039871,15.50267159913053],[77.0304640507585,15.634515061458835],[77.12891461877582,15.665886452811431],[77.03372423365562,15.858905856613578],[77.18532270558305,15.956761165852102],[77.51346826787129,15.926810324278092],[77.49009577234997,16.255199968496616],[77.59541187392801,16.342217804757087],[77.23591259653445,16.472661392766984],[77.36904680326133,16.488687557996847],[77.46743014046449,16.59885169571969],[77.41889546462741,16.668586128617854],[77.5025688180862,17.014113904065457],[77.38022890884885,17.22253708343567],[77.51303975890434,17.43087443006733],[77.68909445840342,17.47668012437583],[77.44316300376857,17.583965336844308],[77.65582436191261,17.968276783680537],[77.55383337346044,18.035817664262392],[77.60547049431892,18.281275169101644],[77.55143503514522,18.29191082540236]]]},"properties":{"STNAME":"KARNATAKA","STCODE11":"29","STNAME_SH":"Karnataka","Shape_Length":4583107.838506888,"Shape_Area":206392433738.64615,"OBJECTID_1":10,"OBJECTID":10,"State_LGD":29,"Shape_Leng":4583107.83851,"MaxSimpTol":300,"MinSimpTol":300},"id":10},
{"type":"Feature","geometry":{"type":"Polygon","coordinates":[[[94.67545193565354,25.445610547355752],[94.55388861009783,25.502621380478242],[94.57176078401653,25.691797741941613],[94.32158707497832,25.502932421231435],[94.01283821298587,25.592601546003877],[93.7649255473481,25.538483513718084],[93.80498854321898,25.463309590692614],[93.60517885992367,25.19901455206996],[93.45389382726688,25.324915826952036],[93.19685238649046,24.81146088233428],[93.10932803446038,24.811576868956603],[93.00869769991453,24.411779175653148],[92.97284510957692,24.112612754076842],[93.32617422040661,24.048524906049494],[93.4011927498707,24.084005945874075],[93.50552766568134,23.942384469124764],[93.7543018516092,24.005539799657768],[93.80776267556365,23.926760203086634],[93.93010819208503,23.950039532614426],[94.15664060631273,23.848169686126855],[94.39834558545216,24.48234862796317],[94.71360261052402,24.935002558444904],[94.74094483225277,25.126575704683027],[94.57563994477198,25.21386287805357],[94.67545193565354,25.445610547355752]]]},"properties":{"STNAME":"MANIPUR","STCODE11":"14","STNAME_SH":"Manipur","Shape_Length":996284.3893458324,"Shape_Area":27180700632.99105,"OBJECTID_1":11,"OBJECTID":11,"State_LGD":14,"Shape_Leng":996284.389346,"MaxSimpTol":300,"MinSimpTol":300},"id":11},
{"type":"Feature","geometry":{"type":"Polygon","coordinates":[[[92.42522330529462,25.029657742169228],[92.5215267093401,25.13912850082029],[92.62134064507428,25.115126352597887],[92.8027420749236,25.217062433244312],[92.73792940152217,25.379432903485007],[92.56457794651205,25.465582512181545],[92.65290428927494,25.59102692072507],[92.57240491368366,25.55744935173275],[92.38393692527934,25.7546210118642],[92.15606641833365,25.672280830582594],[92.2254826683087,25.909266068071847],[92.15235833992743,25.944415855474304],[92.26880651721987,26.068271095877694],[91.91890894741937,25.99792914279421],[91.82532618284,26.119502083417228],[91.67052640988739,25.90424779649559],[91.57976919991451,26.03334367728273],[91.47473592931038,25.874116928229295],[91.53036021177769,25.871349940913692],[91.33528283004291,25.840639726283584],[91.22238172790492,25.722658612848274],[91.19575907827834,25.861488648931356],[91.00594513150742,25.82047794052966],[90.94736687307729,25.948186253680397],[90.62180068568514,25.89792977796054],[90.58780679950192,25.958164074070723],[90.5149153899008,25.89619433181912],[90.4760711796984,26.009679538854257],[90.15103242914219,25.966781802996913],[89.8946781528457,25.74505956367731],[90.02018693482486,25.60757855839893],[89.85441840167312,25.467445792600273],[89.83488657858886,25.296042139937487],[90.44456596282211,25.143812864371455],[91.26464437720807,25.20678734229268],[91.64201434180855,25.124343562186052],[92.06213984513889,25.187859904562988],[92.42522330529462,25.029657742169228]]]},"properties":{"STNAME":"MEGHALAYA","STCODE11":"17","STNAME_SH":"Meghalaya","Shape_Length":1276185.3000769776,"Shape_Area":27649509239.446938,"OBJECTID_1":12,"OBJECTID":12,"State_LGD":17,"Shape_Leng":1276185.30008,"MaxSimpTol":300,"MinSimpTol":300},"id":12},
{"type":"Feature","geometry":{"type":"Polygon","coordinates":[[[93.00869769991453,24.411779175653148],[92.82927079580575,24.37379036641964],[92.76289705884969,24.521233948924486],[92.47857825560634,24.14212518903565],[92.42243290805344,24.25495851034798],[92.29228206747058,24.250492575781326],[92.26538822723951,23.725112310834334],[92.4034838256873,23.240887900024763],[92.3463333837057,23.23667263592186],[92.37109776486086,22.936123616978193],[92.52895127707849,22.66590093636364],[92.60316723998965,21.977135856026244],[92.69954201428611,22.155041425206605],[92.86253176182002,22.0629304883395],[92.90620677026064,21.9414213080131],[92.95123519308471,22.030018281714067],[93.00339402312088,21.982521887061104],[93.03775719863256,22.19540883133186],[93.1506913408067,22.17631481590959],[93.20204103401194,22.264134406440423],[93.1064147584681,22.526887951097223],[93.12650077470896,23.044013929138654],[93.29362002370507,23.006661671930505],[93.38530227833338,23.134666222034294],[93.43617078087186,23.68673366254927],[93.32617422040661,24.048524906049494],[92.97284510957692,24.112612754076842],[93.00869769991453,24.411779175653148]]]},"properties":{"STNAME":"MIZORAM","STCODE11":"15","STNAME_SH":"Mizoram","Shape_Length":1154948.2085024423,"Shape_Area":25128260698.185257,"OBJECTID_1":13,"OBJECTID":13,"State_LGD":15,"Shape_Leng":1154948.2085,"MaxSimpTol":300,"MinSimpTol":300},"id":13},
{"type":"Feature","geometry":{"type":"Polygon","coordinates":[[[95.1946454837747,27.031319394633655],[94.46019316713743,26.66172797307085],[94.31649403694912,26.458412597230947],[94.25624635298823,26.541321533380493],[94.00098547820782,26.172366297419195],[93.97859914961217,25.91682877734492],[93.79537854327761,25.809027454947245],[93.76535641439267,25.969850961635473],[93.68143590026322,25.904485757041634],[93.7142274058117,25.84461278135233],[93.32692556771701,25.546587452158306],[93.45809611741988,25.43108452218574],[93.45389382726688,25.324915826952036],[93.60517885992367,25.19901455206996],[93.80498854321898,25.463309590692614],[93.7649255473481,25.538483513718084],[94.01283821298587,25.592601546003877],[94.32158707497832,25.502932421231435],[94.57176078401653,25.691797741941613],[94.55388861009783,25.502621380478242],[94.67545193565354,25.445610547355752],[95.04084922421588,25.742332593564285],[95.0115934588796,25.89795309974385],[95.18568340271513,26.073299559295272],[95.11774097820255,26.101248412441766],[95.13219898271312,26.37774158037744],[95.06174618290139,26.44989018213666],[95.23391968067268,26.68245856965871],[95.1946454837747,27.031319394633655]]]},"properties":{"STNAME":"NAGALAND","STCODE11":"13","STNAME_SH":"Nagaland","Shape_Length":1075385.6062693507,"Shape_Area":20628189320.759487,"OBJECTID_1":14,"OBJECTID":14,"State_LGD":13,"Shape_Leng":1075385.60627,"MaxSimpTol":300,"MinSimpTol":300},"id":14},
{"type":"Feature","geometry":{"type":"Polygon","coordinates":[[[76.77673348031908,30.904286662733107],[76.62471386650836,30.998826576934192],[76.64177368762746,31.22273518474582],[76.43967313147434,31.279040802343626],[76.37515207277369,31.437004518410937],[76.32260066278867,31.32166316714196],[76.17978880399639,31.30659228180074],[75.9103671026728,31.95017612387864],[75.59482340543086,32.069865839063034],[75.67305892050496,32.158765597002755],[75.61786144020557,32.23670643292893],[75.9347380648526,32.393384884697014],[75.83436281501653,32.511786890345114],[75.53342603870473,32.27765453330259],[75.48914421110317,32.34599461562208],[75.33165941059725,32.32692798957067],[75.37249873143497,32.22603706838868],[75.26115332002794,32.10162563609747],[74.87935144061645,32.053838106925845],[74.488203805196,31.720371207301014],[74.65458693871567,31.42591998837608],[74.55164759612308,31.364420353226325],[74.5102838522972,31.1320126179825],[74.70237091672432,31.0916870355041],[74.41639074134676,30.940318313970305],[74.07227887354153,30.522869507172743],[73.93458882851193,30.490149285372894],[73.87984832119756,30.359767068301867],[73.9725888702823,30.198127560826826],[73.89468376185788,29.973831442243775],[74.52715904986246,29.942785226137097],[74.65418297172229,29.90557102895735],[74.81243347910839,29.99233814346527],[74.9909139056574,29.86768915953055],[75.0987497995737,29.912795739749416],[75.10071997297673,29.806793211967015],[75.19145826622638,29.841250612788762],[75.24157831852128,29.7546497784537],[75.1675349740785,29.670186873143095],[75.23534206290194,29.54207982547574],[75.4595124127856,29.807529507443306],[75.58004272696854,29.73944592627115],[75.77879606066006,29.822371638987367],[76.04344114383515,29.742726414685386],[76.24379332422215,29.852441637341375],[76.1719478150215,29.926306537685],[76.25345729764075,30.088957396370375],[76.20763104687688,30.15658676054414],[76.32173648977358,30.09509782823206],[76.4227128580618,30.192281624407556],[76.54622399974976,30.075873830323406],[76.65608244693499,30.18524566003706],[76.5566530530245,30.26248142099205],[76.74606910990494,30.34958225709367],[76.74102700096248,30.426266517005164],[76.93584561399649,30.384711978013385],[76.9259879799723,30.610117774979916],[76.82921720314576,30.681027176125202],[76.70517414831681,30.756075735008157],[76.83806255262574,30.7548659103924],[76.77673348031908,30.904286662733107]]]},"properties":{"STNAME":"PUNJAB","STCODE11":"03","STNAME_SH":"Punjab","Shape_Length":2109547.336202703,"Shape_Area":68536515071.26769,"OBJECTID_1":15,"OBJECTID":15,"State_LGD":3,"Shape_Leng":2109547.3362,"MaxSimpTol":300,"MinSimpTol":300},"id":15},
{"type":"Feature","geometry":{"type":"Polygon","coordinates":[[[74.52715904986246,29.942785226137097],[73.89468376185788,29.973831442243775],[73.9725888702823,30.198127560826826],[73.8062347532446,30.067678359211545],[73.39699061661265,29.945880838385424],[73.28242142743372,29.571966235183602],[72.94523685505989,29.02773503166105],[72.39216362088266,28.771941016062584],[72.20611721829479,28.39412402724347],[71.92773446088935,28.12161360385348],[71.8982659735955,27.9615331595678],[70.8716106099608,27.705557247483192],[70.73946152182565,27.741882128552312],[70.58917220159267,28.01044668438217],[70.37191892521082,28.011794687524688],[70.13220090449552,27.805608621740884],[70.02565331596921,27.562880454230196],[69.58690286039355,27.18353288172891],[69.51008650560189,26.74357252253747],[69.82226906727509,26.58921779884752],[70.17402977980582,26.551401439766384],[70.09951715995022,25.938344584969506],[70.26837380909629,25.71377813821129],[70.6598314701893,25.702197519089275],[70.66451003542788,25.397065768745456],[70.8881684650755,25.14834688443521],[71.0651607335417,24.717635833971933],[71.29866983167682,24.62390489885956],[71.5289667816297,24.685126100500177],[71.79153773656051,24.677216033050723],[71.85217618228009,24.609244983544574],[71.87176205789328,24.68164695914294],[71.93988163107818,24.63368749093553],[72.06131965782146,24.71200090183998],[72.16481841637575,24.62117683497934],[72.34738276566605,24.628410384664303],[72.24640647642954,24.58549486424176],[72.4414459402762,24.514957237335352],[72.45725322153001,24.414694222139335],[72.53895701244016,24.519513533266426],[72.7308703121486,24.364199530735913],[72.91074011174356,24.337115948649394],[73.0872393263913,24.497950371905503],[73.07651219863055,24.396508080824006],[73.21927252107501,24.363806407761928],[73.06745417210877,24.194596939489507],[73.2428035360063,24.00219505456202],[73.36200680315602,24.104574971973523],[73.42084164468582,23.930740835049082],[73.35186240713021,23.79131067915264],[73.50741293809838,23.702960177486517],[73.5231029119525,23.606818364331705],[73.6556742756448,23.621208238510203],[73.62722950934707,23.448492110264954],[73.82872699860216,23.447618709250325],[73.89194900357043,23.33403944943464],[73.96237026353252,23.38082894180524],[74.32444904787452,23.061411061478427],[74.74153757629966,23.2083593413509],[74.51415541240704,23.328243267920623],[74.60406044995867,23.45745702765649],[74.93651696531165,23.628550816697626],[74.90249829820303,23.873155886913292],[74.98244759941325,24.025697271925594],[74.89684529354486,24.227115060892444],[74.74710440018272,24.253402061422005],[74.8542251479963,24.444498056921514],[74.70872234624454,24.486408549141668],[74.79989786122103,24.779140524995007],[74.88883687297403,24.63362636400426],[75.0162896397707,24.731925090639933],[74.84932090260216,24.775922680026156],[74.84309762853701,24.968950053911005],[75.03403866544376,24.844593955780486],[75.1658127545585,25.047563103379797],[75.33433439408735,25.041055426221877],[75.26342841757099,24.874801500069346],[75.42566122308696,24.868766615160798],[75.31105358062393,24.800933760130658],[75.22422582987588,24.843973098401097],[75.21943808609262,24.702499166799825],[75.83627522405185,24.727788675087638],[75.90919065550197,24.455028373941417],[75.83878701958744,24.41413082412865],[75.78938569048674,24.471554215049697],[75.72776832634756,24.390467644714004],[75.83025953447918,24.233418699283618],[75.75101578087289,24.143434020873208],[75.83681101072833,24.056979082459538],[75.71752652330052,23.9668598952912],[75.67085386909618,24.018048517782315],[75.47390181385623,23.981961094383674],[75.58354172518733,23.79472778177053],[75.68692551106335,23.755335365883223],[75.70602758820051,23.89926886990068],[75.78209193542,23.84879777972796],[75.981361909096,23.928920369720046],[75.96345367320853,24.018657575303312],[76.12707980435769,24.088023497969342],[76.1854232620372,24.329312066701792],[76.2124604069123,24.209804427987102],[76.47054876947365,24.225948987490476],[76.52764252147259,24.15701073341491],[76.69543910648112,24.284279220235742],[76.69885480212697,24.168376189479204],[76.90075575531888,24.127207208165853],[76.94714447002825,24.20101277831509],[76.84149821871866,24.322509949861647],[76.81640457896077,24.53361081448681],[76.91760755985581,24.543377615124],[76.97782534698574,24.461228482289567],[77.07132775366965,24.572426225809508],[77.03066649688753,24.712196553307848],[76.80261732401497,24.809274809456053],[76.94962582794706,24.869356696245433],[76.8568659444225,25.002453065626216],[77.40658330715856,25.111691096872732],[77.3709224882695,25.408367282915506],[77.29123993998626,25.422721282510764],[77.20917624175247,25.30616024636944],[76.72932116319126,25.32854058361571],[76.5558278552146,25.452559020279455],[76.47311164231797,25.70919227929138],[76.90114892456255,26.09316869342429],[77.82363825745665,26.550447771078513],[77.90360060040817,26.658965925485994],[78.08972728004309,26.674467341728946],[78.10681264655388,26.790838077478025],[78.22295373746142,26.830628482261844],[78.22495978149206,26.946304354633824],[78.02646955266921,26.84953512538121],[77.76059343799166,26.93261989519863],[77.61033278569435,26.828572762876117],[77.50116596222615,26.844448576418735],[77.45455710816988,26.7418659982537],[77.42727708579142,26.864080309418007],[77.76295161442715,27.006844718022776],[77.5193392505298,27.06661631843959],[77.68112422970692,27.19440391650266],[77.62270291324512,27.33618645775736],[77.43996924230358,27.390329542663977],[77.33998487549874,27.526618896803207],[77.28369488032048,27.80108255520394],[77.04478851171889,27.821833301642098],[77.08565183284607,27.738106559223123],[76.91054275930387,27.654688296606643],[76.97053708601528,28.138448502856356],[76.84847308982584,28.22164716322025],[76.54812381081155,27.963851840469783],[76.54380594251575,28.03422037355829],[76.45465509993393,28.0423239823817],[76.47572146201739,28.148585994480744],[76.29226174840869,28.17921600594131],[76.34231064245498,28.030563232761388],[76.18040387148827,28.054515718988736],[76.15777992233029,27.98897276794449],[76.21732736054406,27.816802837726986],[75.97137211852048,27.851956598389656],[75.93239627099297,27.930129983767312],[76.04079374131922,28.07404262100063],[75.94560815679587,28.107155238143616],[76.0954456109662,28.15085732636339],[75.56149396533407,28.613221116361956],[75.47336689674893,28.92338929698415],[75.52179861756959,29.003874862226763],[75.37147440856765,29.13809775606301],[75.41049835728538,29.255689255213788],[75.07551193456402,29.22969492742992],[74.85051890754318,29.40360721227946],[74.59924998059537,29.327455068327623],[74.5346190588338,29.44770786497685],[74.6218572525301,29.522243971132674],[74.616092094107,29.752155861702988],[74.47378148356516,29.76834108315663],[74.52715904986246,29.942785226137097]]]},"properties":{"STNAME":"RAJASTHAN","STCODE11":"08","STNAME_SH":"Rajasthan","Shape_Length":5874266.042096818,"Shape_Area":429937013892.7992,"OBJECTID_1":16,"OBJECTID":16,"State_LGD":8,"Shape_Leng":5874266.0421,"MaxSimpTol":300,"MinSimpTol":300},"id":16},
{"type":"Feature","geometry":{"type":"Polygon","coordinates":[[[88.74553283077847,27.14202526597501],[88.91335996479485,27.290180910567088],[88.76376324025608,27.56484593674358],[88.88802021809013,27.857114777841755],[88.83617460993229,28.0150202004509],[88.61004576204932,28.12891513585834],[88.39870643205104,27.97785356109021],[88.12905022282759,27.949470119865648],[88.19807203603608,27.7907416057556],[88.04425607013486,27.49647690752412],[88.01482460061725,27.21170989137787],[88.15361405060399,27.10977387532254],[88.43064887155253,27.079449114794897],[88.54125583366005,27.181755954339906],[88.74553283077847,27.14202526597501]]]},"properties":{"STNAME":"SIKKIM","STCODE11":"11","STNAME_SH":"Sikkim","Shape_Length":501580.17145150737,"Shape_Area":9077726165.623001,"OBJECTID_1":17,"OBJECTID":17,"State_LGD":11,"Shape_Leng":501580.171452,"MaxSimpTol":300,"MinSimpTol":300},"id":17},
{"type":"Feature","geometry":{"type":"Polygon","coordinates":[[[92.21169868233224,24.504481310162475],[92.15571288096368,24.525641578185304],[92.11052909630787,24.38336753431781],[91.92243594882046,24.33841130627289],[91.91827209129025,24.115530590320144],[91.84117807532914,24.227318985916114],[91.74658315466465,24.245272175182205],[91.72644887733347,24.141160196247874],[91.66226854962007,24.231931142490385],[91.62828566600245,24.101047303095076],[91.37614158054193,24.10582989988764],[91.37932879598347,23.974547943134688],[91.30038642895164,23.99738059654756],[91.23283341243662,23.919978147611452],[91.1603607641833,23.59609798909783],[91.32348727393102,23.36299756519663],[91.36974609045366,23.070543459653532],[91.40867103584391,23.28530256697274],[91.55846198333367,22.977552616500564],[91.62029960988896,22.939319031106805],[91.779893654682,23.02863033428642],[91.83517261127933,23.093312051174177],[91.75989844015002,23.282805138247795],[91.84235222191448,23.388912115727656],[91.80113176476634,23.517798695196184],[91.86364090894597,23.408295588329445],[91.94193256153882,23.42711501362385],[91.95844872224794,23.738564551646988],[92.05947449518186,23.64315247986055],[92.11939066397198,23.73222248311261],[92.21974687671054,23.651766697746616],[92.26538822723951,23.725112310834334],[92.29228206747058,24.250492575781326],[92.19229319202137,24.24326784552022],[92.25983908220122,24.358549943473466],[92.21169868233224,24.504481310162475]]]},"properties":{"STNAME":"TRIPURA","STCODE11":"16","STNAME_SH":"Tripura","Shape_Length":963810.9530440148,"Shape_Area":12469658003.062576,"OBJECTID_1":18,"OBJECTID":18,"State_LGD":16,"Shape_Leng":963810.953044,"MaxSimpTol":300,"MinSimpTol":300},"id":18},
{"type":"Feature","geometry":{"type":"Polygon","coordinates":[[[80.06508911589948,28.836732767314864],[80.14463722052066,29.102582111564523],[80.29789186872671,29.205209714465912],[80.24212843632361,29.44273074324496],[80.4092394693281,29.597530812066505],[80.36797056513835,29.748572020653615],[80.74395971943412,30.00448230475528],[80.90738921296088,30.22268457993899],[80.9951929644005,30.186445865580215],[81.03211977991779,30.246809140811962],[80.2126039471566,30.584186140897344],[80.23595142100399,30.759293602442156],[79.86481691521719,30.972724802094774],[79.75319740446078,31.00641602346287],[79.60105851683821,30.933221732774264],[79.42643459014326,31.024027844608636],[79.13899054533155,31.433631297952132],[79.07162449966819,31.456126767118253],[78.88199484317616,31.286774822117703],[79.00891512191004,31.110012428483547],[78.88543154861983,31.098809167380413],[78.80990966615263,31.19837198582515],[78.48374484594673,31.199020423309282],[78.37030690879833,31.28641760943166],[77.89872235405501,31.150305549151156],[77.70376322295097,30.765226500188607],[77.8185114840953,30.508132312856205],[77.57602127409129,30.397443669214223],[77.96168597659813,30.242430277164495],[77.71412022145846,29.87027032687316],[77.7990420858385,29.686241773272197],[77.95300815842704,29.70739990304231],[77.94033427724106,29.59276118265201],[78.335651480782,29.79666482084687],[78.42849920876161,29.764515258688323],[78.61772794354911,29.558086059381893],[78.94233080008843,29.438632602777982],[78.71858479188707,29.30669765794415],[78.87446359420954,29.230259967596748],[78.90662280886718,29.124859090888062],[79.12686688225706,29.13274453281875],[79.17105656427006,29.011927886415805],[79.37236130470956,28.987532182446785],[79.44046069634331,28.861798567064017],[79.82930060022305,28.884518659034377],[79.80803830210137,28.80097135352599],[79.88822781461522,28.836622515539506],[79.95417132322893,28.72289700588437],[80.06508911589948,28.836732767314864]]]},"properties":{"STNAME":"UTTARAKHAND","STCODE11":"05","STNAME_SH":"Uttarakhand","Shape_Length":1867917.3732969929,"Shape_Area":71686666113.72182,"OBJECTID_1":19,"OBJECTID":19,"State_LGD":5,"Shape_Leng":1867917.3733,"MaxSimpTol":300,"MinSimpTol":300},"id":19},
{"type":"Feature","geometry":{"type":"Polygon","coordinates":[[[80.27289101775115,18.72299154160009],[80.11812773436536,18.680545488881688],[79.92053112802759,18.811108264105734],[79.94026982952846,19.032588139517326],[79.85843685099898,19.102439061927505],[79.9459013671463,19.169516223475846],[79.97794248837837,19.40038016904249],[79.77861325643637,19.599685641478874],[79.47143471244263,19.50020733401787],[79.24356864676771,19.616700934593812],[79.19032447939178,19.458996807751564],[78.94045815048759,19.55187652924345],[78.95557251984023,19.655798922139414],[78.85193531113772,19.658367321188422],[78.84097822095245,19.761895941179823],[78.49025594561881,19.792685352906368],[78.3198336838495,19.916703349948147],[78.3043616475715,19.456136985714377],[78.1762120441342,19.412260825484054],[78.17534369574963,19.237577799498688],[78.0416374912572,19.243425469752474],[77.945146306978,19.342448412850008],[77.86348409548907,19.304190823942523],[77.85042133631153,19.088552322020508],[77.76181757582258,19.03299621879341],[77.94856250478209,18.82983473774414],[77.75353260260336,18.700988194218812],[77.73852919854446,18.55678555697549],[77.59640042138915,18.548936219372774],[77.55143503514522,18.29191082540236],[77.60547049431892,18.281275169101644],[77.55383337346044,18.035817664262392],[77.65582436191261,17.968276783680537],[77.44316300376857,17.583965336844308],[77.68909445840342,17.47668012437583],[77.51303975890434,17.43087443006733],[77.38022890884885,17.22253708343567],[77.5025688180862,17.014113904065457],[77.41889546462741,16.668586128617854],[77.46743014046449,16.59885169571969],[77.36904680326133,16.488687557996847],[77.23591259653445,16.472661392766984],[77.59541187392801,16.342217804757087],[77.49009577234997,16.255199968496616],[77.51346826787129,15.926810324278092],[78.03192760224947,15.907367034162018],[78.13403647122651,15.83628294298982],[78.26089843582375,16.0258401963458],[78.4079250506903,16.074834056267036],[78.78551032888794,16.02117637881067],[78.83387572978612,16.144506282854316],[78.89562720071916,16.08561125318983],[78.90542854900258,16.18362053815784],[79.00953436297475,16.240246773700242],[79.21656932276271,16.227439033494125],[79.25685957353585,16.565851097165048],[79.77400614499214,16.730813448913054],[79.9630835172475,16.64357419213043],[80.07061371267598,16.801733873062126],[80.01739568268155,16.9150147510181],[80.19646240278558,17.04407494944679],[80.3804396133716,16.81749544794234],[80.5702470832893,16.76805746919483],[80.60194711241137,16.918637321008365],[80.36341256189576,16.976109595257967],[80.40903758734103,17.09154066365687],[80.46486602812632,17.03006870804559],[80.58002435043493,17.153117438131826],[80.65381527906263,17.06865858184801],[80.8453119176844,17.040016923406696],[80.91887846332382,17.219786557153427],[81.17397560038079,17.23038939985671],[81.19040843516076,17.324865984265447],[81.32263379475512,17.374597553268426],[81.12727783287434,17.52647246080858],[80.8554022872324,17.60191539242292],[80.8855466175387,17.735722858532565],[81.05816345905558,17.733132868904267],[81.08558432199924,17.798071960732894],[81.0082439412748,17.7982752842528],[80.97902736943439,18.178789895359547],[80.86666862514919,18.140300852844703],[80.83672317915185,18.242296166171723],[80.7449377988273,18.17033473842199],[80.79413750824897,18.259335998959493],[80.73483554187314,18.412859651796282],[80.51472952696597,18.619375963648004],[80.34583029677711,18.595472781560613],[80.27289101775115,18.72299154160009]]]},"properties":{"STNAME":"TELANGANA","STCODE11":"36","STNAME_SH":"Telangana","Shape_Length":2571619.680709131,"Shape_Area":124345090472.28934,"OBJECTID_1":20,"OBJECTID":20,"State_LGD":36,"Shape_Leng":2571619.68071,"MaxSimpTol":300,"MinSimpTol":300},"id":20},
{"type":"Feature","geometry":{"type":"MultiPolygon","coordinates":[[[[93.83719707538575,7.240239135971026],[93.6451367996187,7.127092593721258],[93.82385578367288,6.75436793493344],[93.94286971740173,6.99890530688786],[93.83719707538575,7.240239135971026]]],[[[93.69997431959386,7.4457205675459175],[93.70696005941765,7.3845836217732534],[93.62064077129011,7.373264129044243],[93.63603232570514,7.244448215873356],[93.74309442610705,7.362371703777681],[93.69997431959386,7.4457205675459175]]],[[[93.3713496857646,8.021939473963604],[93.31012242312237,7.932736135937741],[93.45098407985704,7.873831926971825],[93.3713496857646,8.021939473963604]]],[[[93.53673897715285,8.028291776778264],[93.49839052020627,7.986391724754016],[93.56742380579928,7.931481067788211],[93.53673897715285,8.028291776778264]]],[[[93.51191734366971,8.235051795057293],[93.44492628624701,8.167687780393239],[93.47545499488358,8.053397120942098],[93.5251088790382,8.081731721644237],[93.49091945746541,7.999611197614834],[93.53961682628527,8.037651485407244],[93.51191734366971,8.235051795057293]]],[[[93.1167630181645,8.356644135272719],[93.07672363540918,8.274085146597352],[93.19046006565848,8.197300859808058],[93.1167630181645,8.356644135272719]]],[[[92.79242153454193,9.238721332826985],[92.72028486608633,9.218559913363388],[92.72806216899916,9.126696342660818],[92.82633324284295,9.140114583801202],[92.79242153454193,9.238721332826985]]],[[[92.52062776882856,10.897836651207848],[92.37827498687567,10.782586208755006],[92.38851433392871,10.533056726215978],[92.51306577681798,10.514001543194976],[92.56850562168269,10.578431304857547],[92.58648898188075,10.787783059131145],[92.52062776882856,10.897836651207848]]],[[[92.63894710541678,11.510504828912374],[92.59828507788015,11.34683618431214],[92.69031421785373,11.375199337073267],[92.63894710541678,11.510504828912374]]],[[[92.96639228451565,12.041258622336452],[92.92512446728739,11.995619195326155],[93.04357400030302,11.88462913243183],[92.96639228451565,12.041258622336452]]],[[[92.69603262525447,12.239111937304985],[92.61384329403491,11.831064766536093],[92.56152769989683,11.946956443592018],[92.51433498941489,11.848437386635597],[92.71012101255144,11.478231129182962],[92.75536778617669,11.664672795244671],[92.67294654498508,11.606789806823409],[92.6611536460898,11.653799596173776],[92.7541315300726,11.701433284146763],[92.7910774096368,11.88599163568053],[92.7453189071167,11.932329204456112],[92.71126587495688,11.820693408302938],[92.72679955991786,12.044833261250089],[92.78222765212372,12.048401125697799],[92.73396131294349,12.083534443426768],[92.75624702304081,12.177152556204554],[92.70349148528051,12.137903812253398],[92.69603262525447,12.239111937304985]]],[[[92.81022623420303,12.313129769310077],[92.74090074730935,12.245555617452004],[92.77476066234435,12.24284586064034],[92.763186307388,12.063902032965046],[92.85499233998095,12.158829884340298],[92.83271085106719,12.215126503472156],[92.88395032907191,12.19826992649197],[92.81022623420303,12.313129769310077]]],[[[92.90111406460812,12.910882102771266],[92.89660388767122,12.926942903834284],[92.89568191794906,12.898012066042158],[92.87161531666557,12.892765410561319],[92.87356948298857,12.881170798708839],[92.84731006984204,12.87596742960329],[92.83884355069718,12.877280381645159],[92.84123007796305,12.890959710555622],[92.82929698079798,12.884705120235289],[92.82191342923714,12.895993483626654],[92.78985989867773,12.889509097233136],[92.78279118775934,12.76340606250514],[92.72199589529284,12.826052509697542],[92.73181872319302,12.67499135422568],[92.78111823544279,12.735273916463417],[92.79890916123563,12.661466849409948],[92.77869914155292,12.580203930589914],[92.77302914436282,12.670643984725084],[92.68375560538792,12.609188423285557],[92.71918802492105,12.300280474377987],[92.89871476419724,12.33391701503961],[92.78636711410577,12.484058498934594],[92.91043083198286,12.406191409956902],[92.96841578820217,12.496565985264128],[92.90111406460812,12.910882102771266]]],[[[93.02977549306,13.56845234470276],[92.87060592739155,13.472430035853634],[92.92370237131057,13.384721936994689],[92.8418624586854,13.403111121377108],[92.86291141950352,13.184997383241528],[92.83097876984199,13.242991136577928],[92.78772724429432,13.019665337909968],[92.8369166159037,13.023185679417436],[92.78959799036505,12.961874119267607],[92.80072153567752,12.900112703529164],[92.84056625351079,12.89261822820786],[92.84288408660687,12.889933850509674],[92.84121580642812,12.877036335226174],[92.87246827601102,12.88385576248309],[92.86825253717986,12.889885302035463],[92.87514334843435,12.905897853284777],[92.84242260497744,12.956650605357066],[92.9367764384809,12.974841073267958],[92.84347889349586,13.05075504044893],[92.91193681174263,13.066929096378423],[92.87498927478671,13.13581408498288],[92.92178421934562,13.056997517388805],[92.94466134339507,13.122440521380264],[92.95930809382828,13.015767104721121],[93.03329743155618,13.081879319989996],[93.06441074401674,13.272446830828912],[92.94507900340835,13.351236037669304],[93.0673974761481,13.397217825215579],[92.98867498525678,13.427547536478102],[93.02977549306,13.56845234470276]]]]},"properties":{"STNAME":"ANDAMAN & NICOBAR","STCODE11":"35","STNAME_SH":"Andaman & Nicobar","Shape_Length":4249865.169011219,"Shape_Area":7613319403.637434,"OBJECTID_1":21,"OBJECTID":21,"State_LGD":35,"Shape_Leng":4249865.16901,"MaxSimpTol":300,"MinSimpTol":300},"id":21},
{"type":"Feature","geometry":{"type":"Polygon","coordinates":[[[88.10540160764585,26.551079975441777],[88.01923952379465,26.363799917235443],[87.88840030151461,26.486835339876603],[87.6052506448338,26.38090967061552],[87.46371440811801,26.44019774361862],[87.34024963387172,26.34773755143224],[87.09113680464132,26.450771983889695],[87.0707462873669,26.58652152773352],[86.73017646235395,26.422457214236445],[86.3328319723208,26.619473565988915],[86.02727627890528,26.666270272118503],[85.84992422977794,26.56845568733841],[85.63519282084265,26.872382019127638],[85.21191163473388,26.757883918916715],[85.19052789786052,26.87020609140584],[85.02307865633807,26.855233777229667],[84.96216939461145,26.96057126941388],[84.64327601981222,27.046464544150513],[84.69137969834902,27.214936684439376],[84.6201546788713,27.339288955806197],[84.29413406611627,27.382421531212586],[84.10795976049997,27.521631570162608],[84.01632214944635,27.437165348233446],[83.8480971084715,27.448824834973646],[83.86351396213989,27.344105710314015],[83.99343190819712,27.181672855967996],[83.94681595475515,27.090272775192815],[84.03071305699169,27.09704129227137],[84.06029560697044,26.888168819743253],[84.25409777087062,26.85658865273496],[84.24070685172985,26.738755416819824],[84.4199291259051,26.62689725927527],[84.0865361734623,26.639172878473087],[84.04779252785929,26.536265428766537],[83.90812154311797,26.519106896366825],[83.90805515402522,26.44711833944555],[84.17694334859652,26.370691120964928],[84.16628757491709,26.24109102238951],[84.01903244391364,26.238868495303198],[84.00945124396027,26.175468549011033],[84.17005906989078,25.987719670776475],[84.53402124229454,25.876276895360036],[84.6346905107231,25.727958166550085],[84.49921910142604,25.67487711905561],[84.33664057298476,25.743578470198106],[84.27645487816837,25.659351044390377],[84.10445937438406,25.72101342421086],[83.84637850736547,25.434375438353783],[83.35727623774486,25.199699871840995],[83.32023795297891,25.01728210271007],[83.39312431045488,24.782968256374655],[83.54798316201048,24.62329658554658],[83.5032947551147,24.52543975680424],[83.87268959879364,24.532201235142594],[84.00835443513434,24.64280078336329],[84.1083415723435,24.477495142997405],[84.29722319720688,24.560478395612307],[84.29741128196949,24.449046058058354],[84.49621829449077,24.28632737317969],[84.56754894776105,24.409209774525863],[84.66529389541095,24.390981663141893],[84.80218797470833,24.53063336658868],[84.90391216711441,24.372219173714676],[85.07952723919827,24.433482011592748],[85.08876040575944,24.372266079693137],[85.37081855816612,24.555259248032357],[85.66799870213062,24.578982457721303],[85.73668833631336,24.820782013190378],[85.94534914974753,24.732960312659912],[86.05529381723369,24.779738560420395],[86.12460550151307,24.61128275362537],[86.32280732082403,24.586905525669074],[86.27613316822978,24.46591216118944],[86.44528040620058,24.36785016689473],[86.60341513961122,24.608160249266582],[86.91644128311657,24.545150505623994],[86.93980204574197,24.65255544660787],[87.05107242805985,24.60855888838768],[87.14576730785927,25.019334026697774],[87.29550496908297,25.08856273448551],[87.32752132196605,25.22364245402737],[87.47810605318018,25.19440699825097],[87.58402540221759,25.349452022007856],[87.71136704292203,25.2576836124555],[87.84660861466043,25.264557619430235],[87.76662173961684,25.415081141272896],[87.8839857825791,25.52057094400913],[88.0732085983672,25.483682677968787],[88.0496952568908,25.70224962411259],[87.80934772467215,25.91267531684549],[87.97514832678124,26.1430977573785],[88.30038590056095,26.349999583755135],[88.18258345638385,26.5042315074839],[88.23278958974085,26.57104149850656],[88.10540160764585,26.551079975441777]]]},"properties":{"STNAME":"BIHAR","STCODE11":"10","STNAME_SH":"Bihar","Shape_Length":3102533.9264477757,"Shape_Area":116476530001.3377,"OBJECTID_1":22,"OBJECTID":22,"State_LGD":10,"Shape_Leng":3102533.92645,"MaxSimpTol":300,"MinSimpTol":300},"id":22},
{"type":"Feature","geometry":{"type":"MultiPolygon","coordinates":[[[[72.36233490915987,22.0291490844252],[72.29253373018727,21.967481974368088],[72.35353628285445,21.797277215026654],[72.44458408883858,21.963397738420912],[72.36233490915987,22.0291490844252]]],[[[74.32444904787452,23.061411061478427],[73.96237026353252,23.38082894180524],[73.89194900357043,23.33403944943464],[73.82872699860216,23.447618709250325],[73.62722950934707,23.448492110264954],[73.6556742756448,23.621208238510203],[73.5231029119525,23.606818364331705],[73.50741293809838,23.702960177486517],[73.35186240713021,23.79131067915264],[73.42084164468582,23.930740835049082],[73.36200680315602,24.104574971973523],[73.2428035360063,24.00219505456202],[73.06745417210877,24.194596939489507],[73.21927252107501,24.363806407761928],[73.07651219863055,24.396508080824006],[73.0872393263913,24.497950371905503],[72.91074011174356,24.337115948649394],[72.7308703121486,24.364199530735913],[72.53895701244016,24.519513533266426],[72.45725322153001,24.414694222139335],[72.4414459402762,24.514957237335352],[72.24640647642954,24.58549486424176],[72.34738276566605,24.628410384664303],[72.16481841637575,24.62117683497934],[72.06131965782146,24.71200090183998],[71.93988163107818,24.63368749093553],[71.87176205789328,24.68164695914294],[71.85217618228009,24.609244983544574],[71.79153773656051,24.677216033050723],[71.5289667816297,24.685126100500177],[71.29866983167682,24.62390489885956],[71.0965508717385,24.68942178343348],[71.00844093582248,24.635547370429922],[70.99847674274095,24.444094550048597],[71.12170665065953,24.405704325878304],[70.80600015712854,24.220589453186925],[70.57108390289808,24.251410612324516],[70.57310409629278,24.422044460046852],[70.10998551990852,24.29478921312039],[70.0251595273289,24.17099801027024],[69.73152158965,24.170900891002937],[69.59415155057573,24.292823060170402],[69.00335295967908,24.223041133554783],[68.94554513416581,24.302580192525248],[68.86472767321726,24.21274432173997],[68.8081600159712,24.313670356207705],[68.75294813567781,23.97116594366066],[68.35838042442614,23.97997822954671],[68.09381543953333,23.666801088521414],[68.29930804587735,23.593159374247833],[68.326367809433,23.49609377867267],[68.48036625820274,23.51790233445587],[68.39976722441213,23.420101786122597],[68.5808683483603,23.370890468335574],[68.540140789622,23.248295722634953],[68.6344578973017,23.300499714309506],[68.58386631661922,23.22365316538585],[68.75947485795098,23.07959025845978],[69.19588325915555,22.83783322576385],[69.47181214080165,22.773563612967553],[69.41827198392949,22.81248551295655],[69.68245087650648,22.799786139462423],[70.08026932756496,22.91982928831907],[70.03584095779111,22.952859689057597],[70.31229596383449,23.215377137031027],[70.71169539948738,23.214302788657687],[70.5413578290864,22.959949046527658],[70.43238475695362,22.967433192990523],[70.51934160908276,22.934945450346348],[70.46209422181403,22.840249902221036],[70.38289641433954,22.795043012077862],[70.37611168873025,22.90835360944135],[70.12529343398408,22.55278708863174],[69.97553508635602,22.542667961850164],[69.87067041695433,22.4277279854037],[69.76458517783001,22.475324779987993],[69.75376152249873,22.41646239142997],[69.73074871062059,22.484376920240905],[69.65542232671201,22.35938668718712],[69.33278416025922,22.32764467904726],[69.15650799370327,22.195052387361354],[69.19479675580256,22.421720561774336],[69.03570670181654,22.389998424928287],[69.06817556305764,22.48119258681807],[68.9367136169446,22.305324528795122],[70.25730181989461,20.973597642421428],[70.82158209958662,20.692234785905764],[70.92029679026379,20.742846013918975],[71.0074547796766,20.737382930228392],[72.11238750280971,21.198742667288684],[72.3086334795414,21.6250684544608],[72.16227887367768,21.807345328844065],[72.24150835574903,21.823668605074705],[72.22466956780055,22.057472925640994],[72.37330104268509,22.315796065959404],[72.42725640986474,22.20951362899568],[72.5157750181496,22.321068315708903],[72.75582144496644,22.231715880918017],[72.93161602380029,22.31149028474394],[72.75816521422142,22.17422035075367],[72.58041947662417,22.19742009621988],[72.5079210341458,21.934211987739683],[72.55824663624905,21.878889519414702],[72.66696325823283,21.955511378999127],[72.52778857921128,21.678164191485692],[72.80725386761951,21.657805703198783],[72.61224675030962,21.585208394251662],[72.73657035169673,21.538779046923246],[72.59756013803401,21.305432772107206],[72.62391177582084,21.09079248923273],[72.75450736870759,21.052423532282596],[72.83964272849467,20.803669719535673],[72.90368861524097,20.575874142315307],[72.85555080611327,20.467484334508974],[72.89665760032685,20.379774579698037],[72.82123644146087,20.367663040128463],[72.7374841683094,20.134820880059856],[72.8587285290572,20.224503405019195],[72.89940670560769,20.22760217324953],[72.96248673993017,20.209414336050667],[72.96161476684344,20.20875236311854],[72.96373586709564,20.209521195327458],[72.96563935855514,20.224765397524504],[72.93086148477572,20.242743971705963],[72.91697149849406,20.281256717404325],[73.09677450116112,20.360343666237927],[73.1671452560413,20.288474268030157],[73.06049397677837,20.161815211386056],[73.16854263397478,20.20815199011603],[73.2106581122849,20.120451386782353],[73.29948854466953,20.20946511231994],[73.42148213180529,20.20645756094846],[73.3798411310518,20.393403899615986],[73.49385174688878,20.538177262691182],[73.39203804904275,20.64597471524699],[73.44958930762603,20.717550110004144],[73.74465241172338,20.56477050858162],[73.8383569555159,20.620546915945358],[73.81206128816115,20.6921959878511],[73.94224786642097,20.74232113568666],[73.90113548199136,20.982149278752022],[73.70290683179945,21.118204362197222],[73.6116869337597,21.137900581643734],[73.6174103869974,21.142515951207514],[73.57665558774643,21.156496612230995],[73.58305410695385,21.160840259664944],[73.57718906575266,21.170580222664967],[73.60650309851316,21.17867344636454],[73.6055404288204,21.171771941297585],[73.60714492052917,21.163478321794955],[73.6071019648889,21.162429329794175],[73.60711379031132,21.161025858059723],[73.62980794101213,21.153275355863364],[73.62976020184298,21.152213759042585],[73.62986986637624,21.151230419107616],[73.62720819591863,21.143169663358716],[73.6647293844386,21.147117844767237],[73.66394759861313,21.151676297312875],[73.67609144503541,21.153436760989315],[73.675410225606,21.152529625319602],[73.7015906867205,21.153558825294965],[73.94160762364322,21.29866811698197],[73.93874618134116,21.404840248528117],[74.33170849987384,21.543947411784856],[74.08184062496905,21.54870179117393],[74.05371897639075,21.558504047761225],[74.05460628282108,21.550209210680446],[74.05278765879974,21.547551067137153],[74.05295694900998,21.546647547910954],[74.05005545801592,21.547826888608505],[74.05060148279169,21.545466707848405],[74.04900243756849,21.545270596527043],[74.04917300338644,21.54401069257026],[74.047114608236,21.54499467076627],[74.04761452428485,21.54511146383052],[74.04328605497041,21.54557908216479],[74.04328940658475,21.544519666773812],[74.03697924656699,21.544949545236584],[74.03836513953955,21.54538131661169],[74.03785836754841,21.54880813214719],[74.03787016602135,21.550680036845428],[74.0344652771084,21.547908978887385],[74.03472104543609,21.545900627540263],[74.0103469634073,21.549133572272194],[74.01056682068318,21.54935434639748],[74.00021584987124,21.544929970810674],[74.00181375872562,21.54178684709028],[73.99549062164527,21.53824009674799],[73.99549046893166,21.538523065977117],[73.99621848789242,21.53940522233237],[73.99335760344417,21.541288864429166],[73.99339605403325,21.541843885456366],[73.97400712326635,21.54263197903122],[73.9744916763272,21.53918869287313],[73.97426436842437,21.538305212466216],[73.97426357700859,21.537228188148436],[73.9823274928027,21.52182386844111],[73.95458631218828,21.540187708220508],[73.95536385527066,21.535480820592547],[73.95422892553734,21.533620190343193],[73.95599212350565,21.52522231186589],[73.95428234475402,21.52393235202183],[73.95525397963331,21.52027851882708],[73.95216596784356,21.518443206989453],[73.95214979188026,21.51693011162721],[73.95133378653065,21.51509085802411],[73.95180119434603,21.512619261480154],[73.95117296114533,21.512629228464828],[73.95121239718631,21.512393191430558],[73.94023205051664,21.514630351305048],[73.94034197196808,21.514156758150722],[73.93190412075886,21.51198064928912],[73.93203457500275,21.51302283940375],[73.92873612207788,21.519541311484165],[73.92877107732221,21.522976751044055],[73.9209817603408,21.523367849498193],[73.92136668125352,21.520293120032477],[73.9043306439299,21.524149688924023],[73.90535196103428,21.519098720366685],[73.90496214609988,21.51902208595557],[73.90536225213421,21.515686439636205],[73.87286882915656,21.51039566661217],[73.8729332832782,21.510695976672274],[73.86861884205523,21.51077599606778],[73.86864388349208,21.512668695243658],[73.86447648839625,21.51221813282018],[73.87268382561537,21.50633040502944],[73.86439249501888,21.49966162279237],[73.86452846671524,21.499260938142054],[73.86387264535387,21.498450577152116],[73.86389305687375,21.498116111967793],[73.8629746274121,21.497972798167226],[73.862967033953,21.498722090452617],[73.84955417615639,21.502515145496734],[73.84955409351139,21.502515341072474],[73.84632239170037,21.50817161567331],[73.84632226773284,21.50817184216464],[73.78018821387096,21.62815462825627],[73.89436020665885,21.67590267987284],[73.79565065973497,21.824559993053878],[74.1467272665493,21.952820768848575],[74.09211643284281,22.014979057242552],[74.17863314821196,22.0854950159109],[74.0649235156059,22.354460346838607],[74.19018631370739,22.320182446169856],[74.29105778302493,22.39387782340396],[74.02969576014225,22.507656883243705],[74.37906625512794,22.634572992163744],[74.47656899990925,22.855456407097588],[74.33951956147502,22.952825875095293],[74.32444904787452,23.061411061478427]]]]},"properties":{"STNAME":"GUJARAT","STCODE11":"24","STNAME_SH":"Gujarat","Shape_Length":5513939.865498256,"Shape_Area":218637679319.5197,"OBJECTID_1":23,"OBJECTID":23,"State_LGD":24,"Shape_Leng":5513939.8655,"MaxSimpTol":300,"MinSimpTol":300},"id":23},
{"type":"Feature","geometry":{"type":"Polygon","coordinates":[[[76.43133512800897,11.666481186125402],[76.41401386480285,11.760177694578404],[76.11999716056927,11.850388543581065],[76.11248340000462,11.978798815299925],[75.87009146569265,11.951987291654639],[75.80272633810753,12.07950439282958],[75.66164594968605,12.098500870704854],[75.41542060222285,12.28818390198311],[75.36564208311076,12.456821813409992],[75.41737282548988,12.498515068605155],[75.33633549289236,12.464166704620604],[75.27314218011426,12.536877091447144],[75.32619029556932,12.593669274980297],[75.22033850702778,12.5682010521295],[75.15247030940881,12.6822604542289],[75.04662690304718,12.666750663703596],[75.00318767631755,12.791739318042643],[74.86956716930655,12.760680213615847],[75.20124565648693,12.006354083315292],[75.53055591598205,11.704027560796984],[75.53658682930386,11.693938824344887],[76.10046569411621,10.381759535684132],[76.34027659883525,9.40958928569628],[76.54244213642107,8.913428611232648],[77.09779810741458,8.29248867977566],[77.1802919477525,8.323434005256969],[77.20127547528531,8.500969788757327],[77.28375606367617,8.54685140048988],[77.16999157904053,8.741850180160423],[77.25833876990457,8.874972032966614],[77.14700999349995,9.021366285015706],[77.41232049024705,9.509082635352339],[77.36105476167307,9.602365849241547],[77.16582739901511,9.61294070168897],[77.2727897980986,9.964293512469489],[77.20118377975268,10.107203462288817],[77.2952790897955,10.218546066864459],[77.23525271029641,10.352869869019992],[76.98359357405383,10.219659293726579],[76.82992965969254,10.30315321540764],[76.81012200440875,10.623840723749995],[76.88212093597846,10.638965535985793],[76.90728614721,10.783407270025698],[76.65905766535936,10.930588113269302],[76.80077286803933,11.053978536362855],[76.70019005527033,11.153631351836916],[76.73454195512859,11.21807401762112],[76.45841393225535,11.187765637059615],[76.54783047134538,11.35896837110648],[76.24722594592458,11.467987698647654],[76.2341379422909,11.571160994607832],[76.43133512800897,11.666481186125402]]]},"properties":{"STNAME":"KERALA","STCODE11":"32","STNAME_SH":"Kerala","Shape_Length":1810253.234071322,"Shape_Area":40407361012.73363,"OBJECTID_1":24,"OBJECTID":24,"State_LGD":32,"Shape_Leng":1810253.23407,"MaxSimpTol":300,"MinSimpTol":300},"id":24},
{"type":"Feature","geometry":null,"properties":{"STNAME":"LAKSHADWEEP","STCODE11":"31","STNAME_SH":"Lakshadweep","Shape_Length":138029.0807425857,"Shape_Area":28091119.87630336,"OBJECTID_1":25,"OBJECTID":25,"State_LGD":31,"Shape_Leng":138029.080743,"MaxSimpTol":300,"MinSimpTol":300},"id":25},
{"type":"Feature","geometry":{"type":"Polygon","coordinates":[[[82.8103128213107,23.962879981157148],[82.66447267162704,24.12833096012469],[82.74434310434857,24.165614943256358],[82.77380318520798,24.6417831159017],[82.42951525389529,24.70266350276361],[82.41610952782375,24.5911532816866],[82.298471339698,24.604983768133337],[82.25082679908606,24.76985087929428],[82.17746849191265,24.732339997865253],[82.20361408222445,24.819220203185083],[81.96528923802202,24.827054200737464],[81.90707741856598,25.00621314566481],[81.61165808035618,25.056334812675818],[81.57865082103602,25.190843424408023],[81.49119522785442,25.072278441849264],[81.27755320586418,25.166008646403903],[81.21966757007766,24.928617443117453],[81.13963412547142,24.887529583602095],[80.94665553702373,24.966300207843343],[80.8121656000566,24.922525926080503],[80.88468317844716,25.18795026010085],[80.82990616809123,25.10004801164414],[80.70441664599181,25.128385069774133],[80.7762202622592,25.054836897386487],[80.67958674890637,25.048552389527078],[80.60657000186524,25.15036863115794],[80.61320797419816,25.065682873577146],[80.48274991697467,25.100220249281108],[80.54950247977429,25.002475439651533],[80.47893000729874,24.973992884415857],[80.44967349097091,25.078502191450713],[80.38734256715377,25.004322715559272],[80.2736503349147,25.025980991504085],[80.43169421810738,25.177626569005557],[80.26387319622816,25.424061295244666],[79.8513684401179,25.235616599426965],[79.86153151032184,25.09621722017744],[79.56919323722974,25.171824951379204],[79.49150789265644,25.079616926744006],[79.40533943256338,25.106230769334037],[79.4945115454545,25.266865769486657],[79.36289841018416,25.26169925698507],[79.2998298500428,25.337657564337036],[79.31364479555721,25.136091449909525],[79.13095015192317,25.109420144120893],[79.09058448309035,25.191073181778755],[79.02937931720747,25.140555657520288],[79.01322040301208,25.27404900378575],[79.00587222890378,25.19504564799271],[78.88039457354924,25.1576128896397],[78.96061431706731,25.345082399987593],[78.88200256509434,25.343634918404547],[78.849652134147,25.228782096600355],[78.78778032220356,25.296003516821308],[78.88024132724998,25.38589102650679],[78.98933064407547,25.37404025811137],[78.90887138005822,25.44241948307606],[78.93936476603952,25.557220046177875],[78.83495789876788,25.505819439474045],[78.84414884451071,25.42775061901631],[78.73804983780636,25.494831923716877],[78.8214168432954,25.42252625150395],[78.74826219407838,25.409784718864802],[78.77463096722924,25.353046797166805],[78.65818230933812,25.44102031791889],[78.43502884876283,25.284160950332097],[78.57800495911495,25.25328711434187],[78.63172952484355,24.957687213432116],[78.78983785137807,24.810971036084073],[78.75202907350814,24.600171165082962],[78.8832206635516,24.641290879139277],[78.97145320513087,24.347597896997335],[78.80636707359145,24.17836848994087],[78.51862086067098,24.387810333204833],[78.38838624679796,24.26331611866979],[78.22582073225024,24.520096638305937],[78.27669510168583,24.662978931418987],[78.16896864592736,24.862605870248334],[78.45825964043796,25.163715113482223],[78.30530965316557,25.37674716175745],[78.44360198894877,25.563202792217588],[78.81176103915597,25.620782074519923],[78.75292235643002,25.750938677750003],[78.9389600031388,25.942695271920744],[78.98939172681985,26.234983708224423],[79.11860117520575,26.300371622488946],[79.13517684481087,26.440137533094095],[79.05261460674721,26.453743323931008],[79.00732633724407,26.671401494115734],[78.81586386784072,26.762358462754015],[78.57624323528202,26.74879711865969],[78.36145596640738,26.86906487719031],[78.22295373746142,26.830628482261844],[78.10681264655388,26.790838077478025],[78.08972728004309,26.674467341728946],[77.90360060040817,26.658965925485994],[77.82363825745665,26.550447771078513],[76.90114892456255,26.09316869342429],[76.47311164231797,25.70919227929138],[76.5558278552146,25.452559020279455],[76.72932116319126,25.32854058361571],[77.20917624175247,25.30616024636944],[77.29123993998626,25.422721282510764],[77.3709224882695,25.408367282915506],[77.40658330715856,25.111691096872732],[76.8568659444225,25.002453065626216],[76.94962582794706,24.869356696245433],[76.80261732401497,24.809274809456053],[77.03066649688753,24.712196553307848],[77.07132775366965,24.572426225809508],[76.97782534698574,24.461228482289567],[76.91760755985581,24.543377615124],[76.81640457896077,24.53361081448681],[76.84149821871866,24.322509949861647],[76.94714447002825,24.20101277831509],[76.90075575531888,24.127207208165853],[76.69885480212697,24.168376189479204],[76.69543910648112,24.284279220235742],[76.52764252147259,24.15701073341491],[76.47054876947365,24.225948987490476],[76.2124604069123,24.209804427987102],[76.1854232620372,24.329312066701792],[76.12707980435769,24.088023497969342],[75.96345367320853,24.018657575303312],[75.981361909096,23.928920369720046],[75.78209193542,23.84879777972796],[75.70602758820051,23.89926886990068],[75.68692551106335,23.755335365883223],[75.58354172518733,23.79472778177053],[75.47390181385623,23.981961094383674],[75.67085386909618,24.018048517782315],[75.71752652330052,23.9668598952912],[75.83681101072833,24.056979082459538],[75.75101578087289,24.143434020873208],[75.83025953447918,24.233418699283618],[75.72776832634756,24.390467644714004],[75.78938569048674,24.471554215049697],[75.83878701958744,24.41413082412865],[75.90919065550197,24.455028373941417],[75.83627522405185,24.727788675087638],[75.21943808609262,24.702499166799825],[75.22422582987588,24.843973098401097],[75.31105358062393,24.800933760130658],[75.42566122308696,24.868766615160798],[75.26342841757099,24.874801500069346],[75.33433439408735,25.041055426221877],[75.1658127545585,25.047563103379797],[75.03403866544376,24.844593955780486],[74.84309762853701,24.968950053911005],[74.84932090260216,24.775922680026156],[75.0162896397707,24.731925090639933],[74.88883687297403,24.63362636400426],[74.79989786122103,24.779140524995007],[74.70872234624454,24.486408549141668],[74.8542251479963,24.444498056921514],[74.74710440018272,24.253402061422005],[74.89684529354486,24.227115060892444],[74.98244759941325,24.025697271925594],[74.90249829820303,23.873155886913292],[74.93651696531165,23.628550816697626],[74.60406044995867,23.45745702765649],[74.51415541240704,23.328243267920623],[74.74153757629966,23.2083593413509],[74.32444904787452,23.061411061478427],[74.33951956147502,22.952825875095293],[74.47656899990925,22.855456407097588],[74.37906625512794,22.634572992163744],[74.02969576014225,22.507656883243705],[74.29105778302493,22.39387782340396],[74.19018631370739,22.320182446169856],[74.0649235156059,22.354460346838607],[74.17863314821196,22.0854950159109],[74.09211643284281,22.014979057242552],[74.1467272665493,21.952820768848575],[74.28099466836265,21.93296055507582],[74.43172335010948,22.030224518898144],[74.55418998109074,21.681301015426115],[74.90177538077475,21.62918697379833],[75.21708450364149,21.408560087064423],[76.09562065219089,21.371118382500566],[76.16662075238608,21.078945563782973],[76.37620084059654,21.073037042695777],[76.49238838069246,21.193545779236675],[76.62318526088158,21.18491704210026],[76.62149647306319,21.332228399623503],[76.7857965257284,21.46502279245195],[76.79518548800762,21.593905201940988],[77.28979480491734,21.760236371587865],[77.47911897672064,21.769965028182533],[77.54380608271336,21.70383652711769],[77.61177491320367,21.538540759525908],[77.42561451889787,21.537783525514637],[77.48864016022988,21.374165997807456],[77.94109557878308,21.38570323394911],[78.38744463990369,21.614825960221417],[78.45138120437484,21.49652712165902],[78.93671033779975,21.48571502628249],[78.9141349866003,21.588962691337667],[79.22390582416224,21.64862521354716],[79.2311990644943,21.72228070920034],[79.49617793378127,21.67399874933836],[79.54062279842037,21.542679401408243],[79.73763943354608,21.603857435728003],[79.89121814899089,21.51802797099437],[80.25328247764334,21.62477528411357],[80.41230289512687,21.376633782997374],[80.66004059410011,21.334107258188677],[80.7374332118583,21.471319134576213],[80.72613699507687,21.71368852609587],[80.83858883267327,21.80034738232289],[80.8255664339031,21.958361976825785],[80.92194412502933,22.119974690808966],[81.00525828712178,22.061570326327963],[81.11115484590043,22.437600196671028],[81.32651577352559,22.52617216239635],[81.40669295396721,22.44098009271495],[81.62192938048388,22.5380468121436],[81.76852082807058,22.664260549617918],[81.77566876321052,22.874469197293408],[81.94629211016124,22.956812864165318],[81.94223569652888,23.0789989942705],[82.16134284323059,23.143151093933003],[82.1939448051524,23.32387999049112],[81.98531864243371,23.414529132953394],[81.92327094125598,23.53269272488272],[81.74662308058154,23.56982844595228],[81.62703965179347,23.482056981297568],[81.57667155488569,23.58537398459333],[81.69589561444096,23.721350852904063],[81.60900453426198,23.90323451405569],[81.7911042191918,23.809378517342488],[81.92891589880583,23.87075362440679],[82.52337858569409,23.783716858309532],[82.8103128213107,23.962879981157148]]]},"properties":{"STNAME":"MADHYA PRADESH","STCODE11":"23","STNAME_SH":"Madhya Pradesh","Shape_Length":7656000.885672932,"Shape_Area":368608101612.64825,"OBJECTID_1":26,"OBJECTID":26,"State_LGD":23,"Shape_Leng":7656000.88567,"MaxSimpTol":300,"MinSimpTol":300},"id":26},
{"type":"Feature","geometry":{"type":"Polygon","coordinates":[[[84.76474238480944,19.07727724241187],[85.37282571341277,19.59949807406904],[86.40873113552927,19.970779183269624],[86.52376595116439,20.173483477510413],[86.78313428634314,20.33000180079714],[86.79673811249441,20.49269645367139],[86.78560139967652,20.383791595549074],[86.70969325690847,20.39625431550689],[86.75217704268849,20.51796814097646],[87.05564963997816,20.715043005856153],[87.02212846795871,20.77034770870425],[86.80543917098022,20.73295742681144],[86.97182777164669,20.793915705365876],[86.84080567752767,21.157761450051293],[86.94495671897944,21.352813717976833],[87.14782031132137,21.508681513619223],[87.48621588276677,21.609766410246106],[87.44438053689146,21.768220846583294],[87.276530395224,21.805178446021213],[87.23585723396775,21.9570629294005],[87.03772648217551,21.868135077847846],[87.02816239243333,22.03790301845277],[86.72179973521159,22.146751420454276],[86.72695651499838,22.216793096636046],[86.4968712530422,22.347209692336264],[86.43273436605931,22.306492745669704],[86.04542162511201,22.56751235951127],[85.95708126863066,22.46481039428924],[86.03125535118492,22.189993176891246],[85.90827690237562,21.97084512283595],[85.76599721723575,21.994906527953567],[85.80976784145689,22.11575193704454],[85.68523388247797,22.05451656887416],[85.39781212936003,22.16317410569879],[85.23674887015687,22.009374108604234],[85.09848362217275,22.105899513858052],[84.9843520975901,22.08586500157216],[85.11695447022772,22.294448911762544],[85.0671553671192,22.48425962300972],[84.29146180541981,22.342853962984957],[84.00912746777568,22.526052383891994],[84.0104383271675,22.371535451923382],[83.64964634802895,22.22328513864336],[83.56403591240723,22.105226735364994],[83.5909167162869,21.851214536987836],[83.46888663239775,21.78732663065116],[83.41814587478427,21.679862390506457],[83.48973523117827,21.63138744802249],[83.38268562364703,21.620242233603808],[83.33800013178436,21.502017817206017],[83.40690795596984,21.352040503697367],[83.26884265410331,21.378502906719753],[83.1921762101663,21.13909519423097],[82.64047106165772,21.154754071474265],[82.46539622560596,20.827770118833804],[82.3508196432922,20.889519216547434],[82.33212392895531,20.562050965307158],[82.4380102514313,20.434212532355748],[82.39920885224039,20.056617434003563],[82.71538570994237,19.994747115587636],[82.70731088860069,19.835062856041258],[82.59179414927354,19.775886723505767],[82.60341134129249,19.86701358231972],[82.44597468240096,19.910214226114373],[82.34530735163847,19.83585321507943],[82.23746355254764,20.00350022584957],[82.03254630187175,20.015765611927268],[81.94637148080817,20.105152059670246],[81.87090725041924,20.044190476506557],[81.85314535548144,19.918497323247603],[82.06553438485554,19.790679113242966],[82.02904306629979,19.507686229696624],[82.18942651553022,19.427553439517677],[82.16607750376706,19.132724933802457],[82.24603383070111,18.91913875485334],[82.08495505489806,18.718621229132385],[81.89375171082665,18.657486626209238],[81.96362219662007,18.59047144009687],[81.75027962802977,18.353626915699266],[81.52545844602781,18.258126301172616],[81.39607140430347,17.819951703982543],[81.6172208213963,17.823140620344567],[82.03065173786955,18.07004227499658],[82.2645422418097,17.99562388457612],[82.37065397404838,18.14890461313267],[82.3091767830261,18.20483256154162],[82.39063778356947,18.298686835370855],[82.36250511086604,18.422271010876628],[82.48105439191252,18.549439932056053],[82.63597050657587,18.237452308413005],[82.80141166668864,18.449984251567216],[82.9379780477569,18.361563317200115],[83.05272953654804,18.38071589462449],[83.01908458566558,18.457197059706576],[83.0931547043954,18.54761711508343],[83.01126875131528,18.647001822368388],[83.13715228258316,18.786304298858674],[83.21055831724765,18.73152381196543],[83.40393298458218,18.843273500597466],[83.30881325285733,18.999777944784782],[83.4598989843869,18.955696592565207],[83.46606179374861,19.09403203523366],[83.53529086356451,19.01165681208011],[83.62410001306341,19.163592843438774],[83.75337432430442,18.926302204660757],[83.7927209532621,19.018880704893114],[83.89116658413862,18.81541834118213],[84.08924055881165,18.758482556064166],[84.34245589962153,18.80304390126136],[84.41904914074435,19.022907913238306],[84.65903103887945,19.063924075786897],[84.59339876417232,19.133345877919794],[84.70787389704608,19.160565862912293],[84.76474238480944,19.07727724241187]]]},"properties":{"STNAME":"ODISHA","STCODE11":"21","STNAME_SH":"Odisha","Shape_Length":3709476.412434491,"Shape_Area":178356387104.31396,"OBJECTID_1":27,"OBJECTID":27,"State_LGD":21,"Shape_Leng":3709476.41243,"MaxSimpTol":300,"MinSimpTol":300},"id":27},
{"type":"Feature","geometry":{"type":"Polygon","coordinates":[[[79.87379284829845,12.042623534488682],[80.1376540696415,12.410563058556344],[80.25466958962974,12.780807964844268],[80.346776834524,13.313378267171654],[80.26826078906137,13.564496252786313],[80.24177825326292,13.470665481610363],[79.99969217105073,13.542330973640036],[80.04658574883122,13.493704095711086],[79.93797313558764,13.35554602167392],[79.73367983943673,13.288843220040192],[79.75980856567571,13.20747006064772],[79.68237055155463,13.295941123489138],[79.57923531244974,13.25782123868358],[79.43540184370227,13.351738084475187],[79.38186066544563,13.307517289059486],[79.44539387647274,13.301280652207364],[79.43839703347203,13.188205542503466],[79.30715928349767,13.105554691318089],[79.23490094452507,13.170876212654887],[79.16309076696284,13.020305715221395],[78.71449313195625,13.068717472793415],[78.4649401192535,12.624076566412478],[78.21056483512118,12.686125680544832],[78.23092787652435,12.760710107975598],[78.05331224462464,12.853904538816527],[77.9205367810048,12.82820889773221],[77.92930560390406,12.890966442741178],[77.79908884225071,12.851589080309731],[77.73990879612354,12.673043956964857],[77.59885555389157,12.667212498298946],[77.61678543648249,12.368258272627251],[77.47201668228533,12.207954992265371],[77.72767209624021,12.1815912450574],[77.77667625589928,12.113712334073295],[77.67564961788776,11.95207918942064],[77.4941398071977,11.943399323708942],[77.42723914993698,11.7609537333848],[77.24983086627284,11.81312017365265],[77.11765843361839,11.721181703494356],[77.01289466658271,11.814726624607673],[76.90795728754192,11.795358759405845],[76.84688351643902,11.594584724002969],[76.57669432687602,11.61461426407002],[76.51162569470402,11.705098568139624],[76.43133512800897,11.666481186125402],[76.2341379422909,11.571160994607832],[76.24722594592458,11.467987698647654],[76.54783047134538,11.35896837110648],[76.45841393225535,11.187765637059615],[76.73454195512859,11.21807401762112],[76.70019005527033,11.153631351836916],[76.80077286803933,11.053978536362855],[76.65905766535936,10.930588113269302],[76.90728614721,10.783407270025698],[76.88212093597846,10.638965535985793],[76.81012200440875,10.623840723749995],[76.82992965969254,10.30315321540764],[76.98359357405383,10.219659293726579],[77.23525271029641,10.352869869019992],[77.2952790897955,10.218546066864459],[77.20118377975268,10.107203462288817],[77.2727897980986,9.964293512469489],[77.16582739901511,9.61294070168897],[77.36105476167307,9.602365849241547],[77.41232049024705,9.509082635352339],[77.14700999349995,9.021366285015706],[77.25833876990457,8.874972032966614],[77.16999157904053,8.741850180160423],[77.28375606367617,8.54685140048988],[77.20127547528531,8.500969788757327],[77.1802919477525,8.323434005256969],[77.09779810741458,8.29248867977566],[77.31552378893974,8.122106266017648],[77.55503670091947,8.076579218513244],[77.60450908765748,8.147188041581977],[77.75796443297273,8.145306632942306],[78.0671057401667,8.374524683323232],[78.20197365496772,8.756025789339905],[78.19026715962971,8.928428244749519],[78.40684630967965,9.109893389467308],[78.96461919525011,9.274044347056561],[79.20862433492906,9.281686862971679],[79.43284080252278,9.160938065639547],[79.32940653312441,9.320220470158636],[79.06650321501321,9.298000072856583],[78.89839641119435,9.489583157285223],[79.26601433963062,10.039305979968105],[79.22822211501641,10.147380711379094],[79.29684731753538,10.262396167384876],[79.38908624916208,10.317356366192016],[79.87644841919527,10.295354242562759],[79.84128673482081,10.828006528052562],[79.71922800814882,10.96846608521418],[79.85436081546587,10.983316684627638],[79.84309174667064,11.351165542234812],[79.75724974423329,11.557507073112781],[79.79576112682633,11.785499854197658],[79.71229475598875,11.791554512491723],[79.80699829015762,11.833580813060266],[79.80770216240354,11.836406568099394],[79.67380679067857,11.891588432393526],[79.74064997372743,11.905469612213121],[79.69159727899185,11.951351023982138],[79.74755996041995,12.0078337348639],[79.75021249501111,11.919949872265745],[79.8405729999714,11.955828715931101],[79.85706671627314,12.006807197772092],[79.87379284829845,12.042623534488682]]]},"properties":{"STNAME":"TAMIL NADU","STCODE11":"33","STNAME_SH":"Tamil Nadu","Shape_Length":3413289.929362797,"Shape_Area":136046453375.51987,"OBJECTID_1":28,"OBJECTID":28,"State_LGD":33,"Shape_Leng":3413289.92936,"MaxSimpTol":300,"MinSimpTol":300},"id":28},
{"type":"Feature","geometry":{"type":"Polygon","coordinates":[[[80.06508911589948,28.836732767314864],[79.95417132322893,28.72289700588437],[79.88822781461522,28.836622515539506],[79.80803830210137,28.80097135352599],[79.82930060022305,28.884518659034377],[79.44046069634331,28.861798567064017],[79.37236130470956,28.987532182446785],[79.17105656427006,29.011927886415805],[79.12686688225706,29.13274453281875],[78.90662280886718,29.124859090888062],[78.87446359420954,29.230259967596748],[78.71858479188707,29.30669765794415],[78.94233080008843,29.438632602777982],[78.61772794354911,29.558086059381893],[78.42849920876161,29.764515258688323],[78.335651480782,29.79666482084687],[77.94033427724106,29.59276118265201],[77.95300815842704,29.70739990304231],[77.7990420858385,29.686241773272197],[77.71412022145846,29.87027032687316],[77.96168597659813,30.242430277164495],[77.57602127409129,30.397443669214223],[77.58561061098452,30.379557401302083],[77.11980291791582,29.760105476854218],[77.20984478864816,28.857866895645454],[77.33106534314261,28.71313178586936],[77.3454328208287,28.513265547953917],[77.50482622600472,28.370008525022644],[77.54963768502643,28.179790096399596],[77.47425340559613,28.087462508119792],[77.54589952383797,27.95822828263277],[77.28369488032048,27.80108255520394],[77.33998487549874,27.526618896803207],[77.43996924230358,27.390329542663977],[77.62270291324512,27.33618645775736],[77.68112422970692,27.19440391650266],[77.5193392505298,27.06661631843959],[77.76295161442715,27.006844718022776],[77.42727708579142,26.864080309418007],[77.45455710816988,26.7418659982537],[77.50116596222615,26.844448576418735],[77.61033278569435,26.828572762876117],[77.76059343799166,26.93261989519863],[78.02646955266921,26.84953512538121],[78.22495978149206,26.946304354633824],[78.22295373746142,26.830628482261844],[78.36145596640738,26.86906487719031],[78.57624323528202,26.74879711865969],[78.81586386784072,26.762358462754015],[79.00732633724407,26.671401494115734],[79.05261460674721,26.453743323931008],[79.13517684481087,26.440137533094095],[79.11860117520575,26.300371622488946],[78.98939172681985,26.234983708224423],[78.9389600031388,25.942695271920744],[78.75292235643002,25.750938677750003],[78.81176103915597,25.620782074519923],[78.44360198894877,25.563202792217588],[78.30530965316557,25.37674716175745],[78.45825964043796,25.163715113482223],[78.16896864592736,24.862605870248334],[78.27669510168583,24.662978931418987],[78.22582073225024,24.520096638305937],[78.38838624679796,24.26331611866979],[78.51862086067098,24.387810333204833],[78.80636707359145,24.17836848994087],[78.97145320513087,24.347597896997335],[78.8832206635516,24.641290879139277],[78.75202907350814,24.600171165082962],[78.78983785137807,24.810971036084073],[78.63172952484355,24.957687213432116],[78.57800495911495,25.25328711434187],[78.43502884876283,25.284160950332097],[78.65818230933812,25.44102031791889],[78.77463096722924,25.353046797166805],[78.74826219407838,25.409784718864802],[78.8214168432954,25.42252625150395],[78.73804983780636,25.494831923716877],[78.84414884451071,25.42775061901631],[78.83495789876788,25.505819439474045],[78.93936476603952,25.557220046177875],[78.90887138005822,25.44241948307606],[78.98933064407547,25.37404025811137],[78.88024132724998,25.38589102650679],[78.78778032220356,25.296003516821308],[78.849652134147,25.228782096600355],[78.88200256509434,25.343634918404547],[78.96061431706731,25.345082399987593],[78.88039457354924,25.1576128896397],[79.00587222890378,25.19504564799271],[79.01322040301208,25.27404900378575],[79.02937931720747,25.140555657520288],[79.09058448309035,25.191073181778755],[79.13095015192317,25.109420144120893],[79.31364479555721,25.136091449909525],[79.2998298500428,25.337657564337036],[79.36289841018416,25.26169925698507],[79.4945115454545,25.266865769486657],[79.40533943256338,25.106230769334037],[79.49150789265644,25.079616926744006],[79.56919323722974,25.171824951379204],[79.86153151032184,25.09621722017744],[79.8513684401179,25.235616599426965],[80.26387319622816,25.424061295244666],[80.43169421810738,25.177626569005557],[80.2736503349147,25.025980991504085],[80.38734256715377,25.004322715559272],[80.44967349097091,25.078502191450713],[80.47893000729874,24.973992884415857],[80.54950247977429,25.002475439651533],[80.48274991697467,25.100220249281108],[80.61320797419816,25.065682873577146],[80.60657000186524,25.15036863115794],[80.67958674890637,25.048552389527078],[80.7762202622592,25.054836897386487],[80.70441664599181,25.128385069774133],[80.82990616809123,25.10004801164414],[80.88468317844716,25.18795026010085],[80.8121656000566,24.922525926080503],[80.94665553702373,24.966300207843343],[81.13963412547142,24.887529583602095],[81.21966757007766,24.928617443117453],[81.27755320586418,25.166008646403903],[81.49119522785442,25.072278441849264],[81.57865082103602,25.190843424408023],[81.61165808035618,25.056334812675818],[81.90707741856598,25.00621314566481],[81.96528923802202,24.827054200737464],[82.20361408222445,24.819220203185083],[82.17746849191265,24.732339997865253],[82.25082679908606,24.76985087929428],[82.298471339698,24.604983768133337],[82.41610952782375,24.5911532816866],[82.42951525389529,24.70266350276361],[82.77380318520798,24.6417831159017],[82.74434310434857,24.165614943256358],[82.66447267162704,24.12833096012469],[82.8103128213107,23.962879981157148],[82.9478909605104,23.87143842218992],[83.14149377567263,23.884935825545384],[83.3298774625774,24.101694597944302],[83.45728193504608,24.364568165370873],[83.39653558279626,24.49598058598505],[83.5032947551147,24.52543975680424],[83.54798316201048,24.62329658554658],[83.39312431045488,24.782968256374655],[83.32023795297891,25.01728210271007],[83.35727623774486,25.199699871840995],[83.84637850736547,25.434375438353783],[84.10445937438406,25.72101342421086],[84.27645487816837,25.659351044390377],[84.33664057298476,25.743578470198106],[84.49921910142604,25.67487711905561],[84.6346905107231,25.727958166550085],[84.53402124229454,25.876276895360036],[84.17005906989078,25.987719670776475],[84.00945124396027,26.175468549011033],[84.01903244391364,26.238868495303198],[84.16628757491709,26.24109102238951],[84.17694334859652,26.370691120964928],[83.90805515402522,26.44711833944555],[83.90812154311797,26.519106896366825],[84.04779252785929,26.536265428766537],[84.0865361734623,26.639172878473087],[84.4199291259051,26.62689725927527],[84.24070685172985,26.738755416819824],[84.25409777087062,26.85658865273496],[84.06029560697044,26.888168819743253],[84.03071305699169,27.09704129227137],[83.94681595475515,27.090272775192815],[83.99343190819712,27.181672855967996],[83.86351396213989,27.344105710314015],[83.61485865476516,27.469260102074095],[83.38815945662682,27.479408077396794],[83.3175682246332,27.330567628514327],[83.18834369892357,27.45391816228921],[82.73505325409297,27.50266695449016],[82.70843097457228,27.72300704983232],[82.44923592171686,27.67966938766095],[82.06994852649864,27.92332961296103],[81.88463384842207,27.856901591378644],[81.42561597530866,28.17116130297039],[81.31651581761432,28.134396137088174],[81.21063256737659,28.36071440168298],[80.56915430161081,28.68812301986464],[80.51531220749693,28.55251430920062],[80.06508911589948,28.836732767314864]]]},"properties":{"STNAME":"UTTAR PRADESH","STCODE11":"09","STNAME_SH":"Uttar Pradesh","Shape_Length":6507259.006769181,"Shape_Area":304638874120.66943,"OBJECTID_1":29,"OBJECTID":29,"State_LGD":9,"Shape_Leng":6507259.00677,"MaxSimpTol":300,"MinSimpTol":300},"id":29},
{"type":"Feature","geometry":{"type":"MultiPolygon","coordinates":[[[[88.77357512847274,21.63281437136231],[88.71214318109976,21.57850718056366],[88.79310974801241,21.58266945453458],[88.77357512847274,21.63281437136231]]],[[[88.58457673789374,21.601525902718354],[88.52137788340865,21.651575314956485],[88.54902099224854,21.5648441276738],[88.58457673789374,21.601525902718354]]],[[[88.83750665698841,21.766082988018624],[88.76799002207699,21.703376111793546],[88.81686914972323,21.708985933441316],[88.83846012523772,21.619036968947736],[88.83750665698841,21.766082988018624]]],[[[88.12583893882464,21.673615961686526],[88.0915316672697,21.78535905090881],[88.03350859014306,21.662925831971187],[88.12068407155108,21.623814780352443],[88.12583893882464,21.673615961686526]]],[[[88.5552636151266,21.761466036630654],[88.54374203978647,21.811186447770396],[88.5077760730769,21.747188361874652],[88.59668640970767,21.657600904153547],[88.5552636151266,21.761466036630654]]],[[[89.01477922228109,21.77813574853657],[88.956116054192,21.75966932301353],[89.07131221982856,21.611781760360575],[89.01477922228109,21.77813574853657]]],[[[88.35937175248328,21.804819591127146],[88.32901410463637,21.860126211786497],[88.26219766892511,21.805286778972576],[88.35937175248328,21.804819591127146]]],[[[88.89505676303314,21.78451689062849],[88.85002425287453,21.862260999727845],[88.91114875363817,21.734416564659675],[88.89505676303314,21.78451689062849]]],[[[88.98196713363451,21.896141421814622],[88.96600650726677,21.780268705141488],[89.02764893709734,21.83155660916455],[88.98196713363451,21.896141421814622]]],[[[88.77733005222437,21.86877946185927],[88.71590692540914,21.90450646582454],[88.69109420411195,21.7508256158622],[88.79478877204198,21.652801491089154],[88.80383211919376,21.702848939037867],[88.76056446349682,21.689538469393007],[88.74507191508764,21.77596998565631],[88.7807203740567,21.737835794034037],[88.82627965450128,21.861061458575527],[88.77733005222437,21.86877946185927]]],[[[88.48969149610248,21.847558234870085],[88.42044019028836,21.90052541107275],[88.39886856538341,21.806504596376925],[88.48969149610248,21.847558234870085]]],[[[88.94349753527864,21.91486442743817],[88.82124271895655,21.927758004311585],[88.89176750975513,21.835257307935695],[88.90843315731404,21.75725524610593],[88.94349753527864,21.91486442743817]]],[[[88.74553283077847,27.14202526597501],[88.54125583366005,27.181755954339906],[88.43064887155253,27.079449114794897],[88.15361405060399,27.10977387532254],[88.01482460061725,27.21170989137787],[87.99169625910534,27.108340618966288],[88.13307441119576,26.982324140064303],[88.1870866920385,26.77140087722113],[88.10540160764585,26.551079975441777],[88.23278958974085,26.57104149850656],[88.18258345638385,26.5042315074839],[88.30038590056095,26.349999583755135],[87.97514832678124,26.1430977573785],[87.80934772467215,25.91267531684549],[88.0496952568908,25.70224962411259],[88.0732085983672,25.483682677968787],[87.8839857825791,25.52057094400913],[87.76662173961684,25.415081141272896],[87.84660861466043,25.264557619430235],[87.71136704292203,25.2576836124555],[87.96228739209855,24.93783846183846],[87.81770027815021,24.760942703184593],[87.9077963990409,24.72131161802004],[87.90881903577042,24.585771627018524],[87.77168511886859,24.58374679436591],[87.80134192089378,24.383154883611766],[87.63881459283047,24.25476795505612],[87.69512443089505,24.149163788873572],[87.49754164783286,24.117876696999474],[87.46000803291757,23.984197860766987],[87.24538545667556,24.045068590882742],[87.29533071747743,23.90211276584367],[87.24066791892673,23.825832057563588],[87.12941783943259,23.86893614896234],[87.12251583696629,23.796197843525142],[86.91566744199152,23.883221300838493],[86.88982099156762,23.819658177047437],[86.80543425539896,23.837535135829356],[86.799296843207,23.688978443540073],[86.46184447765711,23.629788818547993],[86.31014148405143,23.4118423813567],[86.05183045069067,23.5862971798811],[86.05413046300818,23.486938676060632],[85.86305060315235,23.4624869321196],[85.90263848006946,23.398522826464312],[85.819663238859,23.268486225659128],[85.89416296070375,23.15526662645409],[86.04368492025809,23.144936281898566],[86.22301970662602,22.99484563309043],[86.54755215770497,22.988658994337033],[86.43579743073533,22.92590443747673],[86.41938051410214,22.79099668579424],[86.63504234500816,22.665607515004368],[86.65853663770892,22.575701225291443],[86.76581202331212,22.575703297332883],[86.75109508211591,22.455807348558935],[86.88812216327932,22.297332960440947],[86.72695651499838,22.216793096636046],[86.72179973521159,22.146751420454276],[87.02816239243333,22.03790301845277],[87.03772648217551,21.868135077847846],[87.23585723396775,21.9570629294005],[87.276530395224,21.805178446021213],[87.44438053689146,21.768220846583294],[87.48621588276677,21.609766410246106],[87.80639282074961,21.708851789486644],[87.9866327235467,21.87067527344867],[88.0485458876376,21.99740854601676],[87.99290255459807,22.075682989686356],[88.06012176344171,22.017895569324796],[88.16743836285183,22.07821348259431],[88.18619780636992,22.117131623518002],[88.13617826567386,22.18538679377671],[88.01475647418272,22.20262339545869],[87.99769387547279,22.24668563490796],[88.08422266060609,22.256056439183094],[88.06684453314419,22.209540328841015],[88.17654577784965,22.19146198896467],[88.20424277033523,22.15241978186626],[88.1457207599166,21.9552026787298],[88.25998968900848,21.55652559966143],[88.26149274475199,21.96220122563801],[88.31181407087449,21.859575473673864],[88.35105000493127,21.97135007924978],[88.38174913745198,21.795086995204823],[88.38815963120213,22.004171672502434],[88.39109248777264,21.896777511782954],[88.44597648208902,21.987533439490747],[88.47070990999443,21.901022276463515],[88.55406242835288,22.0514289141264],[88.4963104897284,21.879033813563847],[88.59357082952016,21.895583106843816],[88.65042880968964,22.248744910758738],[88.70290244263904,22.208725147937663],[88.63330135710777,21.954824138290846],[88.73826314786636,22.013658358232707],[88.68706931685449,22.077446993379542],[88.75256674635264,22.147615046604344],[88.70335749592432,22.07345354499769],[88.78335965939574,22.108911187688747],[88.74648095584844,21.989534163609573],[88.81680463990607,21.968220446380712],[88.76345453959858,21.95516648098296],[88.90120649292432,21.930987460040818],[88.92480682096462,22.107517176475724],[88.9209369128566,21.983949700551477],[88.98878984540391,22.106976463455837],[88.94239111897075,21.93335584876793],[89.0076499038271,21.902774702275213],[89.08044651780955,22.001786117288393],[88.92611995668737,22.64977713552529],[88.96950296504991,22.843997793805286],[88.84612966984231,23.009404901828407],[88.99440384611079,23.21415507656661],[88.71855641560981,23.254811112893695],[88.7997983817341,23.4964964612818],[88.55805474000319,23.64871827599771],[88.57531931053168,23.86092393413881],[88.7689130158786,23.982615968628647],[88.69443247126851,24.112015665811114],[88.73542514350842,24.27605273264356],[88.1897151113559,24.476233421924846],[88.02441569371685,24.688135386490416],[88.1743937854331,24.861046945922542],[88.13749045187735,24.936029718729877],[88.22588711925229,24.959824148366835],[88.32785317765872,24.871300671120782],[88.39786052717555,24.945612361807424],[88.44187683254204,25.1987017109859],[88.92062081547105,25.16537096404756],[89.00808846943366,25.264559874620687],[88.8400565851095,25.363474187263638],[88.81125205521856,25.523372493839997],[88.53976207637805,25.508543481489408],[88.26141895264296,25.81367973502007],[88.11511260966618,25.798789850786946],[88.17714620819231,26.147889994288683],[88.5220785360926,26.36071059041672],[88.48449991019169,26.461073936493946],[88.35063845525859,26.44857905750939],[88.376470031378,26.595274485250574],[88.74368937013614,26.346633283032673],[88.66457315035075,26.25797419255037],[88.79344016095035,26.31031879407396],[88.84270264194916,26.230807632484932],[88.89818574159312,26.288781104671095],[89.05101673981963,26.241494050968388],[88.90485537684486,26.408657192857035],[88.95597810710032,26.46048345926708],[89.08741960755752,26.39767122367289],[89.1551947468996,26.138667563251182],[89.34914268042088,26.010414532519896],[89.42381346485197,26.046874242354132],[89.57749176573253,25.967818777400357],[89.63418185347035,26.22931611023949],[89.71960293141667,26.165857988761047],[89.71984420722389,26.307031475179787],[89.85635842671687,26.384252381028283],[89.85183119077276,26.697153768820364],[89.62005640797292,26.71573125942472],[89.63994830726405,26.77730318357015],[89.36969045317569,26.857274054908846],[89.12671056612042,26.807263290678236],[88.91728326786505,26.998087149139916],[88.87047913084578,26.9445738742779],[88.86605954092049,27.109186621826993],[88.74553283077847,27.14202526597501]]]]},"properties":{"STNAME":"WEST BENGAL","STCODE11":"19","STNAME_SH":"West Bengal","Shape_Length":7039218.896987812,"Shape_Area":102288826279.4521,"OBJECTID_1":30,"OBJECTID":30,"State_LGD":19,"Shape_Leng":7039218.89699,"MaxSimpTol":300,"MinSimpTol":300},"id":30},
{"type":"Feature","geometry":{"type":"Polygon","coordinates":[[[84.76474238480944,19.07727724241187],[84.70787389704608,19.160565862912293],[84.59339876417232,19.133345877919794],[84.65903103887945,19.063924075786897],[84.41904914074435,19.022907913238306],[84.34245589962153,18.80304390126136],[84.08924055881165,18.758482556064166],[83.89116658413862,18.81541834118213],[83.7927209532621,19.018880704893114],[83.75337432430442,18.926302204660757],[83.62410001306341,19.163592843438774],[83.53529086356451,19.01165681208011],[83.46606179374861,19.09403203523366],[83.4598989843869,18.955696592565207],[83.30881325285733,18.999777944784782],[83.40393298458218,18.843273500597466],[83.21055831724765,18.73152381196543],[83.13715228258316,18.786304298858674],[83.01126875131528,18.647001822368388],[83.0931547043954,18.54761711508343],[83.01908458566558,18.457197059706576],[83.05272953654804,18.38071589462449],[82.9379780477569,18.361563317200115],[82.80141166668864,18.449984251567216],[82.63597050657587,18.237452308413005],[82.48105439191252,18.549439932056053],[82.36250511086604,18.422271010876628],[82.39063778356947,18.298686835370855],[82.3091767830261,18.20483256154162],[82.37065397404838,18.14890461313267],[82.2645422418097,17.99562388457612],[82.03065173786955,18.07004227499658],[81.6172208213963,17.823140620344567],[81.39607140430347,17.819951703982543],[81.16613095256773,17.857650691707608],[81.08558432199924,17.798071960732894],[81.05816345905558,17.733132868904267],[80.8855466175387,17.735722858532565],[80.8554022872324,17.60191539242292],[81.12727783287434,17.52647246080858],[81.32263379475512,17.374597553268426],[81.19040843516076,17.324865984265447],[81.17397560038079,17.23038939985671],[80.91887846332382,17.219786557153427],[80.8453119176844,17.040016923406696],[80.65381527906263,17.06865858184801],[80.58002435043493,17.153117438131826],[80.46486602812632,17.03006870804559],[80.40903758734103,17.09154066365687],[80.36341256189576,16.976109595257967],[80.60194711241137,16.918637321008365],[80.5702470832893,16.76805746919483],[80.3804396133716,16.81749544794234],[80.19646240278558,17.04407494944679],[80.01739568268155,16.9150147510181],[80.07061371267598,16.801733873062126],[79.9630835172475,16.64357419213043],[79.77400614499214,16.730813448913054],[79.25685957353585,16.565851097165048],[79.21656932276271,16.227439033494125],[79.00953436297475,16.240246773700242],[78.90542854900258,16.18362053815784],[78.89562720071916,16.08561125318983],[78.83387572978612,16.144506282854316],[78.78551032888794,16.02117637881067],[78.4079250506903,16.074834056267036],[78.26089843582375,16.0258401963458],[78.13403647122651,15.83628294298982],[78.03192760224947,15.907367034162018],[77.51346826787129,15.926810324278092],[77.18532270558305,15.956761165852102],[77.03372423365562,15.858905856613578],[77.12891461877582,15.665886452811431],[77.0304640507585,15.634515061458835],[77.03006961039871,15.50267159913053],[76.97404815669316,15.498258062714543],[77.1691569174791,15.171375305638623],[77.08247333645268,15.006109268727117],[76.77672063081727,15.078429550809274],[76.76656426563859,14.97564686173467],[76.86964518361827,14.937740177534371],[76.7650152484919,14.602157763892087],[76.86797879079992,14.4740735883859],[76.97483029465822,14.485365120706206],[76.88483375291507,14.39574476586198],[76.94006892832044,14.244644952998348],[77.1077686210424,14.219946170107422],[77.15735449105193,14.342134242849854],[77.28657666946373,14.340134386217954],[77.39199508106779,14.198938614306625],[77.39281209163218,14.335867459225346],[77.50386878091363,14.263783632549707],[77.50351051481202,14.157154636558023],[77.35137527345121,14.130017076256001],[77.40092576510989,14.11875012094729],[77.3323076278406,14.030727018525221],[77.43788420042682,13.975560740145298],[77.40002151196171,13.888328792370194],[77.32223562614519,14.030033425901864],[77.14922966229504,14.001202687380577],[77.02780331993868,14.06218091381123],[77.02334023807887,14.176725765340127],[76.89454694592644,14.16784994484616],[77.04166447658793,13.933474045173654],[76.99850866833039,13.745616785471887],[77.17305546298007,13.762052268128997],[77.12820421487947,13.85649990607147],[77.18471507344677,13.925226410980235],[77.20043513277804,13.863078364703377],[77.43252100395742,13.843257185007403],[77.45533255278778,13.682304121462154],[77.52523403495005,13.691045186356291],[77.52726385558964,13.75385184646231],[77.71735858966723,13.741115207691573],[77.8265856209207,13.94476277717894],[77.9267624248257,13.90536506572061],[77.97203088288357,13.960156182806225],[77.95297639040535,13.827392839074239],[78.04885893014695,13.896130252111975],[78.12362642540488,13.845392071200344],[78.08709825256628,13.643107123059998],[78.16756687972371,13.655865469317408],[78.19295901887074,13.564887992574484],[78.40224109637562,13.587299309632698],[78.36579296163221,13.35869685708471],[78.53215685413682,13.266981779519154],[78.56951522301154,13.309268078932085],[78.57974123008262,13.167406613708806],[78.41113825798622,12.945316491987917],[78.46474446169302,12.86681296669072],[78.35585090303931,12.94078945888857],[78.23092787652435,12.760710107975598],[78.21056483512118,12.686125680544832],[78.4649401192535,12.624076566412478],[78.71449313195625,13.068717472793415],[79.16309076696284,13.020305715221395],[79.23490094452507,13.170876212654887],[79.30715928349767,13.105554691318089],[79.43839703347203,13.188205542503466],[79.44539387647274,13.301280652207364],[79.38186066544563,13.307517289059486],[79.43540184370227,13.351738084475187],[79.57923531244974,13.25782123868358],[79.68237055155463,13.295941123489138],[79.75980856567571,13.20747006064772],[79.73367983943673,13.288843220040192],[79.93797313558764,13.35554602167392],[80.04658574883122,13.493704095711086],[79.99969217105073,13.542330973640036],[80.24177825326292,13.470665481610363],[80.26826078906137,13.564496252786313],[80.12719956709475,14.150182032434703],[80.19599454581258,14.58654774306306],[80.04700170653702,15.080596743134075],[80.28867020688939,15.693777608660945],[80.68059160528152,15.885782459768025],[80.80699850761032,15.840830391858528],[80.82149444348376,15.709726636419933],[80.93933965106166,15.716773395012973],[81.30529853310193,16.303904893360734],[81.48717976482261,16.355438549614863],[81.7207766975313,16.3069322297365],[82.31365478230947,16.558804624327113],[82.36594347280315,16.706840473687848],[82.36019740357985,16.958949676793594],[82.35485034264957,16.85131241770299],[82.24825987214484,16.87606633159454],[82.24821237372419,16.93045892907657],[82.31948871485241,17.05738700359683],[82.59390682512503,17.28144688145283],[83.21292661500142,17.59100498987014],[83.56863683805244,18.00986112798744],[84.1284979428408,18.313395944599954],[84.76474238480944,19.07727724241187]],[[82.2259974463797,16.758619784444434],[82.31038899841658,16.718768658724635],[82.19341304203007,16.721649708892418],[82.2259974463797,16.758619784444434]]]},"properties":{"STNAME":"ANDHRA PRADESH","STCODE11":"37","STNAME_SH":"Andhra Pradesh","Shape_Length":5257128.933132569,"Shape_Area":177307958776.35577,"OBJECTID_1":31,"OBJECTID":31,"State_LGD":28,"Shape_Leng":5257128.93313,"MaxSimpTol":300,"MinSimpTol":300},"id":31},
{"type":"Feature","geometry":{"type":"MultiPolygon","coordinates":[[[[79.85436081546587,10.983316684627638],[79.71922800814882,10.96846608521418],[79.84128673482081,10.828006528052562],[79.85436081546587,10.983316684627638]]],[[[79.80699829015762,11.833580813060266],[79.71229475598875,11.791554512491723],[79.79576112682633,11.785499854197658],[79.80699829015762,11.833580813060266]]],[[[79.8405729999714,11.955828715931101],[79.75021249501111,11.919949872265745],[79.74755996041995,12.0078337348639],[79.69159727899185,11.951351023982138],[79.74064997372743,11.905469612213121],[79.67380679067857,11.891588432393526],[79.80770216240354,11.836406568099394],[79.8405729999714,11.955828715931101]]],[[[82.2259974463797,16.758619784444434],[82.19341304203007,16.721649708892418],[82.31038899841658,16.718768658724635],[82.2259974463797,16.758619784444434]]]]},"properties":{"STNAME":"PUDUCHERRY","STCODE11":"34","STNAME_SH":"Puducherry","Shape_Length":510322.7918595736,"Shape_Area":528748483.84963727,"OBJECTID_1":32,"OBJECTID":32,"State_LGD":34,"Shape_Leng":510322.79186,"MaxSimpTol":300,"MinSimpTol":300},"id":32},
{"type":"Feature","geometry":{"type":"Polygon","coordinates":[[[80.66004059410011,21.334107258188677],[80.41230289512687,21.376633782997374],[80.25328247764334,21.62477528411357],[79.89121814899089,21.51802797099437],[79.73763943354608,21.603857435728003],[79.54062279842037,21.542679401408243],[79.49617793378127,21.67399874933836],[79.2311990644943,21.72228070920034],[79.22390582416224,21.64862521354716],[78.9141349866003,21.588962691337667],[78.93671033779975,21.48571502628249],[78.45138120437484,21.49652712165902],[78.38744463990369,21.614825960221417],[77.94109557878308,21.38570323394911],[77.48864016022988,21.374165997807456],[77.42561451889787,21.537783525514637],[77.61177491320367,21.538540759525908],[77.54380608271336,21.70383652711769],[77.47911897672064,21.769965028182533],[77.28979480491734,21.760236371587865],[76.79518548800762,21.593905201940988],[76.7857965257284,21.46502279245195],[76.62149647306319,21.332228399623503],[76.62318526088158,21.18491704210026],[76.49238838069246,21.193545779236675],[76.37620084059654,21.073037042695777],[76.16662075238608,21.078945563782973],[76.09562065219089,21.371118382500566],[75.21708450364149,21.408560087064423],[74.90177538077475,21.62918697379833],[74.55418998109074,21.681301015426115],[74.43172335010948,22.030224518898144],[74.28099466836265,21.93296055507582],[74.1467272665493,21.952820768848575],[73.79565065973497,21.824559993053878],[73.89436020665885,21.67590267987284],[73.78018821387096,21.62815462825627],[73.84632226773284,21.50817184216464],[73.84632239170037,21.50817161567331],[73.84955409351139,21.502515341072474],[73.84955417615639,21.502515145496734],[73.862967033953,21.498722090452617],[73.8629746274121,21.497972798167226],[73.86389305687375,21.498116111967793],[73.86387264535387,21.498450577152116],[73.86452846671524,21.499260938142054],[73.86439249501888,21.49966162279237],[73.87268382561537,21.50633040502944],[73.86447648839625,21.51221813282018],[73.86864388349208,21.512668695243658],[73.86861884205523,21.51077599606778],[73.8729332832782,21.510695976672274],[73.87286882915656,21.51039566661217],[73.90536225213421,21.515686439636205],[73.90496214609988,21.51902208595557],[73.90535196103428,21.519098720366685],[73.9043306439299,21.524149688924023],[73.92136668125352,21.520293120032477],[73.9209817603408,21.523367849498193],[73.92877107732221,21.522976751044055],[73.92873612207788,21.519541311484165],[73.93203457500275,21.51302283940375],[73.93190412075886,21.51198064928912],[73.94034197196808,21.514156758150722],[73.94023205051664,21.514630351305048],[73.95121239718631,21.512393191430558],[73.95117296114533,21.512629228464828],[73.95180119434603,21.512619261480154],[73.95133378653065,21.51509085802411],[73.95214979188026,21.51693011162721],[73.95216596784356,21.518443206989453],[73.95525397963331,21.52027851882708],[73.95428234475402,21.52393235202183],[73.95599212350565,21.52522231186589],[73.95422892553734,21.533620190343193],[73.95536385527066,21.535480820592547],[73.95458631218828,21.540187708220508],[73.9823274928027,21.52182386844111],[73.97426357700859,21.537228188148436],[73.97426436842437,21.538305212466216],[73.9744916763272,21.53918869287313],[73.97400712326635,21.54263197903122],[73.99339605403325,21.541843885456366],[73.99335760344417,21.541288864429166],[73.99621848789242,21.53940522233237],[73.99549046893166,21.538523065977117],[73.99549062164527,21.53824009674799],[74.00181375872562,21.54178684709028],[74.00021584987124,21.544929970810674],[74.01056682068318,21.54935434639748],[74.0103469634073,21.549133572272194],[74.03472104543609,21.545900627540263],[74.0344652771084,21.547908978887385],[74.03787016602135,21.550680036845428],[74.03785836754841,21.54880813214719],[74.03836513953955,21.54538131661169],[74.03697924656699,21.544949545236584],[74.04328940658475,21.544519666773812],[74.04328605497041,21.54557908216479],[74.04761452428485,21.54511146383052],[74.047114608236,21.54499467076627],[74.04917300338644,21.54401069257026],[74.04900243756849,21.545270596527043],[74.05060148279169,21.545466707848405],[74.05005545801592,21.547826888608505],[74.05295694900998,21.546647547910954],[74.05278765879974,21.547551067137153],[74.05460628282108,21.550209210680446],[74.05371897639075,21.558504047761225],[74.08184062496905,21.54870179117393],[74.33170849987384,21.543947411784856],[73.93874618134116,21.404840248528117],[73.94160762364322,21.29866811698197],[73.7015906867205,21.153558825294965],[73.675410225606,21.152529625319602],[73.67609144503541,21.153436760989315],[73.66394759861313,21.151676297312875],[73.6647293844386,21.147117844767237],[73.62720819591863,21.143169663358716],[73.62986986637624,21.151230419107616],[73.62976020184298,21.152213759042585],[73.62980794101213,21.153275355863364],[73.60711379031132,21.161025858059723],[73.6071019648889,21.162429329794175],[73.60714492052917,21.163478321794955],[73.6055404288204,21.171771941297585],[73.60650309851316,21.17867344636454],[73.57718906575266,21.170580222664967],[73.58305410695385,21.160840259664944],[73.57665558774643,21.156496612230995],[73.6174103869974,21.142515951207514],[73.6116869337597,21.137900581643734],[73.70290683179945,21.118204362197222],[73.90113548199136,20.982149278752022],[73.94224786642097,20.74232113568666],[73.81206128816115,20.6921959878511],[73.8383569555159,20.620546915945358],[73.74465241172338,20.56477050858162],[73.44958930762603,20.717550110004144],[73.39203804904275,20.64597471524699],[73.49385174688878,20.538177262691182],[73.3798411310518,20.393403899615986],[73.42148213180529,20.20645756094846],[73.29948854466953,20.20946511231994],[73.2106581122849,20.120451386782353],[73.19230409192926,20.049487504853765],[73.03961630851526,20.06708978826351],[72.96148405837634,20.131217141517087],[72.97756909691935,20.179392552142797],[72.96266953271744,20.1824182877359],[72.96087211432668,20.206043933092104],[72.96136147427265,20.208561259878007],[72.96161593734826,20.208753252499587],[72.96248673993017,20.209414336050667],[72.89940670560769,20.22760217324953],[72.8587285290572,20.224503405019195],[72.7374841683094,20.134820880059856],[72.77535973861569,19.900958438196284],[72.68996142397864,19.958630179778595],[72.6546083840756,19.83628170064975],[72.78906432789404,19.59722678422171],[72.71585242634904,19.592242797091583],[72.83815066902856,19.048505557744335],[72.79258271175665,18.93957026024274],[72.93371729553927,18.540489636637425],[72.91439660888616,18.35481606364561],[73.02867455167357,18.264258534278635],[73.0448252992847,18.313054791700523],[73.11300012245285,18.329513587887252],[73.10270726635159,18.265415649785396],[73.05040150427428,18.296964112060916],[73.10564847006773,18.140861971068187],[72.96400044969292,18.280372577876445],[72.93201925058186,18.219213804492494],[73.24424806561075,17.321617551796567],[73.18978663970233,17.298775687107703],[73.28956618702911,17.115258093665865],[73.31582870744819,16.51285009831966],[73.36615303035046,16.396675011575443],[73.49919348080944,16.418159751778646],[73.36821584161888,16.36393732463772],[73.43871807931392,16.371898487923588],[73.38536852338551,16.337115323641086],[73.44929643169057,16.308965515936382],[73.45720701404885,16.053806191889993],[73.67538205174372,15.727022158467594],[73.85647553641874,15.800762637691411],[73.99077593155587,15.61148617167201],[74.1183538327733,15.652040596990107],[74.20903439668953,15.78129726657468],[74.36755834495992,15.785844763689411],[74.33827564992806,15.854945948953327],[74.40623653302309,15.855403537443078],[74.4633032645966,16.04285268942558],[74.36140634951761,16.053852330916623],[74.48297626421594,16.090127425777876],[74.50714393495203,16.191614550015096],[74.32501428132603,16.271769614162658],[74.36377531561796,16.405102978722034],[74.27062780006514,16.547973390966607],[74.37991433212981,16.528602314958977],[74.46882403724497,16.663811479508198],[74.56861576482868,16.553878924684625],[74.68705943723538,16.606797823400026],[74.6910979645121,16.715549942523104],[74.91951971634371,16.772499550153782],[74.9317838651488,16.944761217490996],[75.0894080284913,16.951588448467632],[75.21427366074444,16.841707203123164],[75.27967408027672,16.956563008271107],[75.48914572476443,16.944429972367253],[75.57316451278932,17.00961304510774],[75.67038636695767,16.962059357375825],[75.65778441567312,17.263211275751605],[75.57421335247741,17.383301038239985],[75.63305039308301,17.477215271676645],[75.79300780640847,17.369699885051137],[75.88425477158607,17.4179616328097],[75.93088413687519,17.32257606986049],[76.11901562625553,17.37050734122461],[76.17637572604127,17.30079147303118],[76.24214758457052,17.378840266234825],[76.38321760014541,17.314529891706837],[76.33134774466141,17.5974191763816],[76.48980813353221,17.66049929057734],[76.52333558208055,17.75979622685629],[76.58208139876906,17.705681686448163],[76.61538970330383,17.77039541446388],[76.69089645095517,17.68100491411407],[76.79045015732795,17.826332607914768],[76.74002992579433,17.89969872048157],[76.9190366114879,17.91595136819251],[76.95199218893312,18.188093787156273],[77.11159808699632,18.1558284777961],[77.31994013594687,18.45801896627803],[77.41414725839478,18.393100107710712],[77.36584244347259,18.307118267146933],[77.55143503514522,18.29191082540236],[77.59640042138915,18.548936219372774],[77.73852919854446,18.55678555697549],[77.75353260260336,18.700988194218812],[77.94856250478209,18.82983473774414],[77.76181757582258,19.03299621879341],[77.85042133631153,19.088552322020508],[77.86348409548907,19.304190823942523],[77.945146306978,19.342448412850008],[78.0416374912572,19.243425469752474],[78.17534369574963,19.237577799498688],[78.1762120441342,19.412260825484054],[78.3043616475715,19.456136985714377],[78.3198336838495,19.916703349948147],[78.49025594561881,19.792685352906368],[78.84097822095245,19.761895941179823],[78.85193531113772,19.658367321188422],[78.95557251984023,19.655798922139414],[78.94045815048759,19.55187652924345],[79.19032447939178,19.458996807751564],[79.24356864676771,19.616700934593812],[79.47143471244263,19.50020733401787],[79.77861325643637,19.599685641478874],[79.97794248837837,19.40038016904249],[79.9459013671463,19.169516223475846],[79.85843685099898,19.102439061927505],[79.94026982952846,19.032588139517326],[79.92053112802759,18.811108264105734],[80.11812773436536,18.680545488881688],[80.27289101775115,18.72299154160009],[80.35445031554616,18.826594047428358],[80.27329543030888,18.99295323534256],[80.39385410969524,19.244838857364194],[80.57320714354155,19.40230960554597],[80.61268646354817,19.309359769070593],[80.75704519520858,19.289587242078014],[80.89835690879893,19.481812703242838],[80.66536986928608,19.611741004996794],[80.67640804230723,19.69941191607745],[80.54630129912334,19.81829356901666],[80.40173049319066,19.79614496383642],[80.50584808677112,19.870522083363724],[80.41126256158621,19.93835949957291],[80.52991848972489,19.939336004002286],[80.55682513184709,20.07174874261765],[80.4018173944146,20.147268810922395],[80.395273555642,20.244873228846895],[80.6246679251098,20.328093179835328],[80.631866728251,20.598279129036253],[80.48102291931566,20.61838586512529],[80.58749602223357,20.68592175437695],[80.54607625228005,20.934913602425766],[80.424243950467,21.009632805106335],[80.4642767898938,21.174935917800774],[80.6148428397433,21.22716018460243],[80.66004059410011,21.334107258188677]]]},"properties":{"STNAME":"MAHARASHTRA","STCODE11":"27","STNAME_SH":"Maharashtra","Shape_Length":5906415.616790058,"Shape_Area":347877700927.4483,"OBJECTID_1":33,"OBJECTID":33,"State_LGD":27,"Shape_Leng":5906415.61679,"MaxSimpTol":300,"MinSimpTol":300},"id":33},
{"type":"Feature","geometry":{"type":"MultiPolygon","coordinates":[[[[72.82123644146087,20.367663040128463],[72.89665760032685,20.379774579698037],[72.85555080611327,20.467484334508974],[72.82123644146087,20.367663040128463]]],[[[71.0074547796766,20.737382930228392],[70.92029679026379,20.742846013918975],[70.87605257332658,20.709123500014165],[71.0074547796766,20.737382930228392]]]]},"properties":{"STNAME":"DAMAN & DIU","STCODE11":"25","STNAME_SH":"Daman & Diu","Shape_Length":87100.05019600852,"Shape_Area":105502233.97289234,"OBJECTID_1":34,"OBJECTID":34,"State_LGD":25,"Shape_Leng":87100.050196,"MaxSimpTol":300,"MinSimpTol":300},"id":34},
{"type":"Feature","geometry":{"type":"Polygon","coordinates":[[[73.2106581122849,20.120451386782353],[73.16854263397478,20.20815199011603],[73.06049397677837,20.161815211386056],[73.1671452560413,20.288474268030157],[73.09677450116112,20.360343666237927],[72.91697149849406,20.281256717404325],[72.93086148477572,20.242743971705963],[72.96563935855514,20.224765397524504],[72.96373586709564,20.209521195327458],[72.96161476684344,20.20875236311854],[72.96161593734826,20.208753252499587],[72.96136147427265,20.208561259878007],[72.96087211432668,20.206043933092104],[72.96266953271744,20.1824182877359],[72.97756909691935,20.179392552142797],[72.96148405837634,20.131217141517087],[73.03961630851526,20.06708978826351],[73.19230409192926,20.049487504853765],[73.2106581122849,20.120451386782353]]]},"properties":{"STNAME":"DADRA & NAGAR HAVELI","STCODE11":"26","STNAME_SH":"Dadra & Nagar Haveli","Shape_Length":204333.18284088967,"Shape_Area":566187457.3182119,"OBJECTID_1":35,"OBJECTID":35,"State_LGD":26,"Shape_Leng":204333.182841,"MaxSimpTol":300,"MinSimpTol":300},"id":35},
{"type":"Feature","geometry":{"type":"Polygon","coordinates":[[[78.39859088115179,32.52574167419204],[78.76768600732608,32.696812654201246],[78.82577637545408,32.43848931082732],[78.98394658872515,32.33782242542388],[79.31923253311841,32.592509610861775],[79.44660030671281,32.532304711346285],[79.62534275206723,32.737312394859],[79.3304534926386,33.01181546734648],[79.4518953830359,33.260120467446285],[79.09583224424911,33.29431805426944],[78.95219596828291,33.38083255685916],[78.91524188260854,33.63202756385632],[79.10557909803246,33.61658114594717],[78.90362601740125,33.97158037339167],[79.16972909952018,34.072529840210294],[79.4250378473187,34.01710518216312],[79.58417976374106,34.24410385881264],[79.50695763634234,34.47391622463609],[79.7924421572787,34.484695550908924],[79.77432310925194,34.62722329323749],[80.06741194003526,34.71440564394704],[80.32697716795803,35.47214906333448],[80.28983988884781,35.60698192086233],[80.10646164614712,35.68047974269568],[79.99754845930447,35.837291046772705],[79.74445409371559,35.799859118166175],[79.42051181152382,35.89605299389117],[79.38312343981691,35.993802569723634],[79.24028893000474,35.986265964063314],[79.13101743394131,35.83574111923918],[78.95901018827794,35.892108654249],[78.4217956746843,35.784834128478685],[78.19826723035996,35.66867811740329],[78.13592942275275,35.53839629949426],[77.95111683824135,35.60649644882557],[77.98117736381647,35.45539450013201],[77.73225591167417,35.52406941645522],[77.43833194501894,35.461063232933874],[77.31952136920918,35.53209787195592],[77.4852931093465,35.53152461826508],[77.35714991269381,35.717218625739406],[76.81057292544372,35.84428283876834],[76.7215617672953,35.95290000982161],[76.80063375313783,36.04732174618678],[76.64324790026379,36.18347969333623],[75.76827272829792,36.57273425076849],[75.47315473534009,36.81013151336157],[75.34276276986695,37.05183086474864],[74.92118512550681,36.905447067559535],[74.69498057569655,37.07749117656672],[74.58089696545451,37.0427841088892],[74.57774904322184,36.94794446668629],[74.42898651312049,36.989378909584424],[74.05491528351587,36.805766467271745],[73.68948937283199,36.91146494305853],[73.89370720331252,36.7010485529305],[73.08467135021785,36.699068101913554],[72.99131864867434,36.45746520024664],[72.55086561524237,36.1805346209751],[72.52936520607823,35.92593724440241],[72.59756038596899,35.87273521341951],[73.09968310860886,35.87763875306504],[73.13550771552704,35.71860167039705],[73.27197087927085,35.62918718908815],[73.78408143775216,35.52511074228175],[73.71556355157028,35.2254602321528],[74.1334844140219,35.10748800859643],[74.26867043034987,35.03503015374846],[74.47259023844667,35.11569388207178],[74.58728025821786,35.00956992126685],[74.56776867866857,34.872988859345945],[74.31935294928518,34.78637647872439],[75.30111856033129,34.588881215138706],[75.39530355637541,34.292984363872435],[75.59497786984562,34.198247174366735],[75.69176812304585,34.231385917974826],[75.85666384318606,33.969575606063465],[76.0221542974517,33.99745561939134],[76.2654242774617,33.74647749401955],[76.22498891732913,33.54768598630194],[76.30646855611803,33.609651550034],[76.44875645275792,33.56378478346183],[76.77123347761841,33.24962940430623],[76.84315982890642,33.246871653589835],[76.81695676168782,33.15978071461334],[76.93296283311318,33.02848855368523],[77.14972556197627,32.97814603210874],[77.3388359985223,32.81681141157428],[77.68248588253986,32.98871094497238],[78.01583755559874,32.6197566691326],[78.38771674139986,32.75693213546174],[78.40517148886732,32.61942185163824],[78.29460136846622,32.50408688979611],[78.39859088115179,32.52574167419204]]]},"properties":{"STNAME":"LADAKH","STCODE11":"38","STNAME_SH":"Ladakh","Shape_Length":3649905.5143077266,"Shape_Area":251818120455.65887,"OBJECTID_1":36,"OBJECTID":36,"State_LGD":37,"Shape_Leng":3649905.51431,"MaxSimpTol":300,"MinSimpTol":300},"id":36},
{"type":"Feature","geometry":{"type":"Polygon","coordinates":[[[76.77123347761841,33.24962940430623],[76.44875645275792,33.56378478346183],[76.30646855611803,33.609651550034],[76.22498891732913,33.54768598630194],[76.2654242774617,33.74647749401955],[76.0221542974517,33.99745561939134],[75.85666384318606,33.969575606063465],[75.69176812304585,34.231385917974826],[75.59497786984562,34.198247174366735],[75.39530355637541,34.292984363872435],[75.30111856033129,34.588881215138706],[74.31935294928518,34.78637647872439],[74.56776867866857,34.872988859345945],[74.58728025821786,35.00956992126685],[74.47259023844667,35.11569388207178],[74.26867043034987,35.03503015374846],[74.1334844140219,35.10748800859643],[74.02949837961307,34.87713786233794],[73.74926615722597,34.78665564482702],[73.65006238508056,34.567789862708224],[73.44697650372325,34.57375042647672],[73.39054879950687,34.37668436719671],[73.58911646849711,33.88391943164681],[73.62710565951716,33.08954648927241],[74.36991527004221,32.75868460497735],[74.63504482453153,32.750319293413256],[74.70460284662472,32.84183055684963],[74.68056459976489,32.491897800182656],[74.95208050937438,32.44622806821455],[75.02686557927251,32.49648507965941],[75.33165941059725,32.32692798957067],[75.48914421110317,32.34599461562208],[75.53342603870473,32.27765453330259],[75.83436281501653,32.511786890345114],[75.93673059013655,32.647888813128574],[75.84234733051929,32.929313102491335],[75.9539375058918,32.873398141728615],[76.41009236734641,33.18648924145072],[76.74690857026661,33.17921068170308],[76.77123347761841,33.24962940430623]]]},"properties":{"STNAME":"JAMMU & KASHMIR","STCODE11":"01","STNAME_SH":"Jammu & Kashmir","Shape_Length":1683035.8926394316,"Shape_Area":77283345331.65317,"OBJECTID_1":37,"OBJECTID":37,"State_LGD":1,"Shape_Leng":1683035.89264,"MaxSimpTol":300,"MinSimpTol":300},"id":37}
]}